"Year","ProjectFolder","FileName","Extension","Category","FullPath","SizeKB","LastModified","CVG_TypeCode","ProjectSlug","PublishPriority","CRS_EPSG","GPKG_Ready","GeoServerLayer","Notes"
"2023","2303 DTorres","Parcels.shp",".shp","vector","Z:\2023\2303 DTorres\2301 East Retta Environmental Assessment\GIS Data\Parcels (2)\Parcels.shp","84686.4","2023-02-07","duediligence","","","","no","",""
"2023","2306 SMcIntosh","Parcels.shp",".shp","vector","Z:\2023\2306 SMcIntosh\1808 9th Ave Tree Replianting\GIS Data\Parcels (5)\Parcels.shp","84718.6","2023-02-23","duediligence","","","","no","",""
"2023","2308 SWoolley","Property Boundary.shp",".shp","vector","Z:\2023\2308 SWoolley\GIS Data\Property Boundary.shp","0.8","2023-03-30","unknown","","","","no","",""
"2023","2308 SWoolley","flma_202212.shp",".shp","vector","Z:\2023\2308 SWoolley\GIS Data\flma_202212\flma_202212.shp","83301.4","2023-01-06","unknown","","","","no","",""
"2023","2308 SWoolley","Soil.shp",".shp","vector","Z:\2023\2308 SWoolley\GIS Data\Soil\Soil.shp","42945.5","2023-03-27","unknown","","","","no","",""
"2023","2308 SWoolley","TaxParcels.shp",".shp","vector","Z:\2023\2308 SWoolley\GIS Data\Tax_Parcels\TaxParcels.shp","109995.3","2023-02-16","duediligence","","","","no","",""
"2023","2311 Arcadis","FTL_Shapefile.shp",".shp","vector","Z:\2023\2311 Arcadis\A_Fort Lauderdale\FTL_Shapefile.shp","50.7","2024-09-05","unknown","","","","no","",""
"2023","2311 Arcadis","Hotspots_20240924.shp",".shp","vector","Z:\2023\2311 Arcadis\A_Fort Lauderdale\Hotspots_20240924.shp","27","2024-09-24","unknown","","","","no","",""
"2023","2311 Arcadis","Hot Spot Areas_FTL_toArcadis.shp",".shp","vector","Z:\2023\2311 Arcadis\A_Fort Lauderdale\2024 0909 Hot Spot Boundary\Hot Spot Areas_FTL_toArcadis.shp","27","2024-09-09","unknown","","","","no","",""
"2023","2311 Arcadis","AllPlacesOfWorship.shp",".shp","vector","Z:\2023\2311 Arcadis\A_Fort Lauderdale\2_Data Response\_1GIS Fed\2023 Homeland Data Downloads\All_Places_Of_Worship\AllPlacesOfWorship.shp","6965.7","2021-05-26","unknown","","","","no","",""
"2023","2311 Arcadis","American_Red_Cross_Headquarters.shp",".shp","vector","Z:\2023\2311 Arcadis\A_Fort Lauderdale\2_Data Response\_1GIS Fed\2023 Homeland Data Downloads\American_Red_Cross_Headquarters\American_Red_Cross_Headquarters.shp","6.5","2023-01-12","unknown","","","","no","",""
"2023","2311 Arcadis","Aviation_Facilities_.shp",".shp","vector","Z:\2023\2311 Arcadis\A_Fort Lauderdale\2_Data Response\_1GIS Fed\2023 Homeland Data Downloads\Aviation_Facilities_\Aviation_Facilities_.shp","545.3","2023-01-06","unknown","","","","no","",""
"2023","2311 Arcadis","BRS_EBS.shp",".shp","vector","Z:\2023\2311 Arcadis\A_Fort Lauderdale\2_Data Response\_1GIS Fed\2023 Homeland Data Downloads\Broadband_Radio_Service_(BRS)_and_Educational_Broadband_Service_(EBS)__Transmitters\BRS_EBS.shp","274.5","2022-06-29","unknown","","","","no","",""
"2023","2311 Arcadis","CellularTowers.shp",".shp","vector","Z:\2023\2311 Arcadis\A_Fort Lauderdale\2_Data Response\_1GIS Fed\2023 Homeland Data Downloads\CellularTowers\CellularTowers.shp","1294.2","2023-04-05","unknown","","","","no","",""
"2023","2311 Arcadis","Child_Care_Centers.shp",".shp","vector","Z:\2023\2311 Arcadis\A_Fort Lauderdale\2_Data Response\_1GIS Fed\2023 Homeland Data Downloads\Child_Care_Centers\Child_Care_Centers.shp","3615.4","2022-12-13","unknown","","","","no","",""
"2023","2311 Arcadis","CollegesUniversities.shp",".shp","vector","Z:\2023\2311 Arcadis\A_Fort Lauderdale\2_Data Response\_1GIS Fed\2023 Homeland Data Downloads\Colleges_and_Universities\CollegesUniversities.shp","179.4","2022-12-09","unknown","","","","no","",""
"2023","2311 Arcadis","CollegeUniversityCampuses.shp",".shp","vector","Z:\2023\2311 Arcadis\A_Fort Lauderdale\2_Data Response\_1GIS Fed\2023 Homeland Data Downloads\Colleges_and_Universities_Campuses\CollegeUniversityCampuses.shp","1866.4","2022-12-11","unknown","","","","no","",""
"2023","2311 Arcadis","Convention_Centers_Fairgrounds.shp",".shp","vector","Z:\2023\2311 Arcadis\A_Fort Lauderdale\2_Data Response\_1GIS Fed\2023 Homeland Data Downloads\Convention_Centers_Fairgrounds\Convention_Centers_Fairgrounds.shp","0.6","2023-01-11","unknown","","","","no","",""
"2023","2311 Arcadis","Courthouses.shp",".shp","vector","Z:\2023\2311 Arcadis\A_Fort Lauderdale\2_Data Response\_1GIS Fed\2023 Homeland Data Downloads\Courthouses\Courthouses.shp","101.8","2022-07-18","unknown","","","","no","",""
"2023","2311 Arcadis","Department_of_Defense_(DoD)_Sites__Boundaries__Public.shp",".shp","vector","Z:\2023\2311 Arcadis\A_Fort Lauderdale\2_Data Response\_1GIS Fed\2023 Homeland Data Downloads\Department_of_Defense_(DoD)_Sites__Boundaries__Public\Department_of_Defense_(DoD)_Sites__Boundaries__Public.shp","11654.1","2022-03-10","unknown","","","","no","",""
"2023","2311 Arcadis","Department_of_Defense_(DoD)_Sites__Points_(Public).shp",".shp","vector","Z:\2023\2311 Arcadis\A_Fort Lauderdale\2_Data Response\_1GIS Fed\2023 Homeland Data Downloads\Department_of_Defense_(DoD)_Sites__Points_(Public)\Department_of_Defense_(DoD)_Sites__Points_(Public).shp","21","2022-06-30","unknown","","","","no","",""
"2023","2311 Arcadis","DHL_Facilities.shp",".shp","vector","Z:\2023\2311 Arcadis\A_Fort Lauderdale\2_Data Response\_1GIS Fed\2023 Homeland Data Downloads\DHL_Facilities\DHL_Facilities.shp","658.3","2023-04-06","unknown","","","","no","",""
"2023","2311 Arcadis","Electric__Power_Transmission_Lines.shp",".shp","vector","Z:\2023\2311 Arcadis\A_Fort Lauderdale\2_Data Response\_1GIS Fed\2023 Homeland Data Downloads\Electric__Power_Transmission_Lines\Electric__Power_Transmission_Lines.shp","49562.3","2023-02-01","unknown","","","","no","",""
"2023","2311 Arcadis","Emergency_Medical_Service_(EMS)_Stations.shp",".shp","vector","Z:\2023\2311 Arcadis\A_Fort Lauderdale\2_Data Response\_1GIS Fed\2023 Homeland Data Downloads\Emergency_Medical_Service_(EMS)_Stations\Emergency_Medical_Service_(EMS)_Stations.shp","1170.7","2023-02-01","unknown","","","","no","",""
"2023","2311 Arcadis","Environmental_Protection_Agency_(EPA)_Facilities.shp",".shp","vector","Z:\2023\2311 Arcadis\A_Fort Lauderdale\2_Data Response\_1GIS Fed\2023 Homeland Data Downloads\Environmental_Protection_Agency_(EPA)_Facilities\Environmental_Protection_Agency_(EPA)_Facilities.shp","2.8","2022-06-29","unknown","","","","no","",""
"2023","2311 Arcadis","EPA_Emergency_Response_(ER)_Risk_Management_Plan_(RMP)_Facilities.shp",".shp","vector","Z:\2023\2311 Arcadis\A_Fort Lauderdale\2_Data Response\_1GIS Fed\2023 Homeland Data Downloads\EPA_Emergency_Response_(ER)_Risk_Management_Plan_(RMP)_Facilities\EPA_Emergency_Response_(ER)_Risk_Management_Plan_(RMP)_Facilities.shp","527.1","2022-07-05","unknown","","","","no","",""
"2023","2311 Arcadis","Federal_Bureau_of_Investigation_(FBI)_Field_Office_(FO)_Locations.shp",".shp","vector","Z:\2023\2311 Arcadis\A_Fort Lauderdale\2_Data Response\_1GIS Fed\2023 Homeland Data Downloads\Federal_Bureau_of_Investigation_(FBI)_Field_Office_(FO)_Locations\Federal_Bureau_of_Investigation_(FBI)_Field_Office_(FO)_Locations.shp","1.6","2022-02-10","gpssurvey","","","","no","",""
"2023","2311 Arcadis","FedEx_Facilities.shp",".shp","vector","Z:\2023\2311 Arcadis\A_Fort Lauderdale\2_Data Response\_1GIS Fed\2023 Homeland Data Downloads\FedEx_Facilities\FedEx_Facilities.shp","1335","2023-04-06","unknown","","","","no","",""
"2023","2311 Arcadis","Ferry_Terminals.shp",".shp","vector","Z:\2023\2311 Arcadis\A_Fort Lauderdale\2_Data Response\_1GIS Fed\2023 Homeland Data Downloads\Ferry_Terminals\Ferry_Terminals.shp","43.1","2023-01-12","unknown","","","","no","",""
"2023","2311 Arcadis","Fire_Stations.shp",".shp","vector","Z:\2023\2311 Arcadis\A_Fort Lauderdale\2_Data Response\_1GIS Fed\2023 Homeland Data Downloads\Fire_Stations\Fire_Stations.shp","1427","2021-12-26","fire","","","","no","",""
"2023","2311 Arcadis","FM_TransTowers.shp",".shp","vector","Z:\2023\2311 Arcadis\A_Fort Lauderdale\2_Data Response\_1GIS Fed\2023 Homeland Data Downloads\FM__Transmission__Towers\FM_TransTowers.shp","525.4","2023-04-05","unknown","","","","no","",""
"2023","2311 Arcadis","FDA_OfficeFacilities.shp",".shp","vector","Z:\2023\2311 Arcadis\A_Fort Lauderdale\2_Data Response\_1GIS Fed\2023 Homeland Data Downloads\Food__and__Drug__Administration_(FDA)__Office__Facilities\FDA_OfficeFacilities.shp","6.2","2022-08-17","unknown","","","","no","",""
"2023","2311 Arcadis","FUDS_Property_Point.shp",".shp","vector","Z:\2023\2311 Arcadis\A_Fort Lauderdale\2_Data Response\_1GIS Fed\2023 Homeland Data Downloads\Formerly_Used_Defense_Sites_(FUDS)_Public_Properties\FUDS_Property_Point.shp","255.9","2023-01-29","unknown","","","","no","",""
"2023","2311 Arcadis","Formerly_Used_Defense_Sites_(FUDS)_Public_Property_Boundaries.shp",".shp","vector","Z:\2023\2311 Arcadis\A_Fort Lauderdale\2_Data Response\_1GIS Fed\2023 Homeland Data Downloads\Formerly_Used_Defense_Sites_(FUDS)_Public_Property_Boundaries\Formerly_Used_Defense_Sites_(FUDS)_Public_Property_Boundaries.shp","7614.9","2022-07-11","unknown","","","","no","",""
"2023","2311 Arcadis","Hospitals.shp",".shp","vector","Z:\2023\2311 Arcadis\A_Fort Lauderdale\2_Data Response\_1GIS Fed\2023 Homeland Data Downloads\Hospitals\Hospitals.shp","219.2","2023-02-01","unknown","","","","no","",""
"2023","2311 Arcadis","Hurricane_Evacuation_Routes.shp",".shp","vector","Z:\2023\2311 Arcadis\A_Fort Lauderdale\2_Data Response\_1GIS Fed\2023 Homeland Data Downloads\Hurricane_Evacuation_Routes\Hurricane_Evacuation_Routes.shp","9811.4","2022-06-30","surge","","","","no","",""
"2023","2311 Arcadis","IRM_Property_Boundary.shp",".shp","vector","Z:\2023\2311 Arcadis\A_Fort Lauderdale\2_Data Response\_1GIS Fed\2023 Homeland Data Downloads\Interim_Risk_Management_(IRM)_Property_Boundary\IRM_Property_Boundary.shp","1754.9","2022-12-02","unknown","","","","no","",""
"2023","2311 Arcadis","IRM_Property_Point.shp",".shp","vector","Z:\2023\2311 Arcadis\A_Fort Lauderdale\2_Data Response\_1GIS Fed\2023 Homeland Data Downloads\Interim_Risk_Management_(IRM)_Property_Point\IRM_Property_Point.shp","16.5","2022-12-07","unknown","","","","no","",""
"2023","2311 Arcadis","Intermodal_Passenger_Connectivity_Database_(IPCD).shp",".shp","vector","Z:\2023\2311 Arcadis\A_Fort Lauderdale\2_Data Response\_1GIS Fed\2023 Homeland Data Downloads\Intermodal_Passenger_Connectivity_Database_(IPCD)\Intermodal_Passenger_Connectivity_Database_(IPCD).shp","6.7","2023-01-12","unknown","","","","no","",""
"2023","2311 Arcadis","Intermodal_Passenger_Connectivity_Database_(IPCD).shp",".shp","vector","Z:\2023\2311 Arcadis\A_Fort Lauderdale\2_Data Response\_1GIS Fed\2023 Homeland Data Downloads\Intermodal_Passenger_Connectivity_Database_(IPCD) (1)\Intermodal_Passenger_Connectivity_Database_(IPCD).shp","423.6","2023-01-12","unknown","","","","no","",""
"2023","2311 Arcadis","Land_Mobile_Broadcast_Towers.shp",".shp","vector","Z:\2023\2311 Arcadis\A_Fort Lauderdale\2_Data Response\_1GIS Fed\2023 Homeland Data Downloads\Land_Mobile_Broadcast_Towers\Land_Mobile_Broadcast_Towers.shp","432.3","2022-07-05","unknown","","","","no","",""
"2023","2311 Arcadis","Local_Law_Enforcement.shp",".shp","vector","Z:\2023\2311 Arcadis\A_Fort Lauderdale\2_Data Response\_1GIS Fed\2023 Homeland Data Downloads\Local_Law_Enforcement_Locations\Local_Law_Enforcement.shp","642.3","2022-01-09","unknown","","","","no","",""
"2023","2311 Arcadis","MajorSportVenues.shp",".shp","vector","Z:\2023\2311 Arcadis\A_Fort Lauderdale\2_Data Response\_1GIS Fed\2023 Homeland Data Downloads\Major_Sport_Venues\MajorSportVenues.shp","23.1","2022-12-09","unknown","","","","no","",""
"2023","2311 Arcadis","MajorStateGovernmentBuildings.shp",".shp","vector","Z:\2023\2311 Arcadis\A_Fort Lauderdale\2_Data Response\_1GIS Fed\2023 Homeland Data Downloads\Major_State_Government_Buildings\MajorStateGovernmentBuildings.shp","37.8","2022-07-05","municipal","","","","no","",""
"2023","2311 Arcadis","Microwave_Service_Towers.shp",".shp","vector","Z:\2023\2311 Arcadis\A_Fort Lauderdale\2_Data Response\_1GIS Fed\2023 Homeland Data Downloads\Microwave__Service__Towers\Microwave_Service_Towers.shp","13646.9","2023-04-06","unknown","","","","no","",""
"2023","2311 Arcadis","MobileHomeParks.shp",".shp","vector","Z:\2023\2311 Arcadis\A_Fort Lauderdale\2_Data Response\_1GIS Fed\2023 Homeland Data Downloads\Mobile_Home_Parks\MobileHomeParks.shp","1461.1","2022-05-27","unknown","","","","no","",""
"2023","2311 Arcadis","National_Shelter_System_Facilities.shp",".shp","vector","Z:\2023\2311 Arcadis\A_Fort Lauderdale\2_Data Response\_1GIS Fed\2023 Homeland Data Downloads\National_Shelter_System_Facilities\National_Shelter_System_Facilities.shp","2193.1","2023-01-31","unknown","","","","no","",""
"2023","2311 Arcadis","NaturalGasCompressorStations.shp",".shp","vector","Z:\2023\2311 Arcadis\A_Fort Lauderdale\2_Data Response\_1GIS Fed\2023 Homeland Data Downloads\Natural_Gas_Compressor_Stations\NaturalGasCompressorStations.shp","63","2022-12-12","unknown","","","","no","",""
"2023","2311 Arcadis","Natural_Gas_Pipelines.shp",".shp","vector","Z:\2023\2311 Arcadis\A_Fort Lauderdale\2_Data Response\_1GIS Fed\2023 Homeland Data Downloads\Natural_Gas_Pipelines\Natural_Gas_Pipelines.shp","4906.8","2022-01-24","unknown","","","","no","",""
"2023","2311 Arcadis","North_American_Rail_Network_Nodes.shp",".shp","vector","Z:\2023\2311 Arcadis\A_Fort Lauderdale\2_Data Response\_1GIS Fed\2023 Homeland Data Downloads\North_American_Rail_Network_Nodes\North_American_Rail_Network_Nodes.shp","6844.8","2023-01-06","unknown","","","","no","",""
"2023","2311 Arcadis","Nursing_Homes.shp",".shp","vector","Z:\2023\2311 Arcadis\A_Fort Lauderdale\2_Data Response\_1GIS Fed\2023 Homeland Data Downloads\Nursing_Homes\Nursing_Homes.shp","1267.3","2022-12-16","unknown","","","","no","",""
"2023","2311 Arcadis","Petroleum_Ports.shp",".shp","vector","Z:\2023\2311 Arcadis\A_Fort Lauderdale\2_Data Response\_1GIS Fed\2023 Homeland Data Downloads\Petroleum__Ports\Petroleum_Ports.shp","6.7","2022-06-30","unknown","","","","no","",""
"2023","2311 Arcadis","Pharmacies_(Archive).shp",".shp","vector","Z:\2023\2311 Arcadis\A_Fort Lauderdale\2_Data Response\_1GIS Fed\2023 Homeland Data Downloads\Pharmacies_(Archive)\Pharmacies_(Archive).shp","1722","2022-05-08","unknown","","","","no","",""
"2023","2311 Arcadis","POL_Pumping_Station.shp",".shp","vector","Z:\2023\2311 Arcadis\A_Fort Lauderdale\2_Data Response\_1GIS Fed\2023 Homeland Data Downloads\POL_Pumping_Stations\POL_Pumping_Station.shp","44.5","2022-06-30","unknown","","","","no","",""
"2023","2311 Arcadis","POL_Terminals.shp",".shp","vector","Z:\2023\2311 Arcadis\A_Fort Lauderdale\2_Data Response\_1GIS Fed\2023 Homeland Data Downloads\POL_Terminals\POL_Terminals.shp","63","2022-06-30","unknown","","","","no","",""
"2023","2311 Arcadis","Power_Plants.shp",".shp","vector","Z:\2023\2311 Arcadis\A_Fort Lauderdale\2_Data Response\_1GIS Fed\2023 Homeland Data Downloads\Power_Plants\Power_Plants.shp","361.9","2023-04-05","vegetation","","","","no","",""
"2023","2311 Arcadis","Principal_Ports.shp",".shp","vector","Z:\2023\2311 Arcadis\A_Fort Lauderdale\2_Data Response\_1GIS Fed\2023 Homeland Data Downloads\Principal_Ports\Principal_Ports.shp","4.2","2023-01-12","unknown","","","","no","",""
"2023","2311 Arcadis","Private Non-Retail Shipping Facilities.shp",".shp","vector","Z:\2023\2311 Arcadis\A_Fort Lauderdale\2_Data Response\_1GIS Fed\2023 Homeland Data Downloads\Private_Non_Retail_Shipping_Facilities\Private Non-Retail Shipping Facilities.shp","88.5","2016-02-02","unknown","","","","no","",""
"2023","2311 Arcadis","Private_Schools.shp",".shp","vector","Z:\2023\2311 Arcadis\A_Fort Lauderdale\2_Data Response\_1GIS Fed\2023 Homeland Data Downloads\Private_Schools\Private_Schools.shp","618.5","2022-06-28","unknown","","","","no","",""
"2023","2311 Arcadis","PublicHealthDepartments.shp",".shp","vector","Z:\2023\2311 Arcadis\A_Fort Lauderdale\2_Data Response\_1GIS Fed\2023 Homeland Data Downloads\Public_Health_Departments\PublicHealthDepartments.shp","101.2","2022-07-05","unknown","","","","no","",""
"2023","2311 Arcadis","PublicSchools.shp",".shp","vector","Z:\2023\2311 Arcadis\A_Fort Lauderdale\2_Data Response\_1GIS Fed\2023 Homeland Data Downloads\Public_Schools (1)\PublicSchools.shp","2934.1","2022-12-08","unknown","","","","no","",""
"2023","2311 Arcadis","Railroad_Bridges.shp",".shp","vector","Z:\2023\2311 Arcadis\A_Fort Lauderdale\2_Data Response\_1GIS Fed\2023 Homeland Data Downloads\Railroad_Bridges\Railroad_Bridges.shp","1900.8","2023-01-10","unknown","","","","no","",""
"2023","2311 Arcadis","Runways.shp",".shp","vector","Z:\2023\2311 Arcadis\A_Fort Lauderdale\2_Data Response\_1GIS Fed\2023 Homeland Data Downloads\Runways\Runways.shp","587.8","2022-06-30","unknown","","","","no","",""
"2023","2311 Arcadis","SolidWasteLandfillFacilities.shp",".shp","vector","Z:\2023\2311 Arcadis\A_Fort Lauderdale\2_Data Response\_1GIS Fed\2023 Homeland Data Downloads\Solid__Waste__Landfill___Facilities\SolidWasteLandfillFacilities.shp","275.8","2022-12-07","unknown","","","","no","",""
"2023","2311 Arcadis","StateCapitolsforUS.shp",".shp","vector","Z:\2023\2311 Arcadis\A_Fort Lauderdale\2_Data Response\_1GIS Fed\2023 Homeland Data Downloads\State_Capitol_Buildings\StateCapitolsforUS.shp","1.6","2022-07-25","municipal","","","","no","",""
"2023","2311 Arcadis","State_Emergency_Operations_Centers.shp",".shp","vector","Z:\2023\2311 Arcadis\A_Fort Lauderdale\2_Data Response\_1GIS Fed\2023 Homeland Data Downloads\State_Emergency_Operations_Centers\State_Emergency_Operations_Centers.shp","1.7","2023-01-09","municipal","","","","no","",""
"2023","2311 Arcadis","Substations.shp",".shp","vector","Z:\2023\2311 Arcadis\A_Fort Lauderdale\2_Data Response\_1GIS Fed\2023 Homeland Data Downloads\Substations\Substations.shp","2179","2022-12-12","unknown","","","","no","",""
"2023","2311 Arcadis","SupplementalColleges.shp",".shp","vector","Z:\2023\2311 Arcadis\A_Fort Lauderdale\2_Data Response\_1GIS Fed\2023 Homeland Data Downloads\Supplemental_Colleges\SupplementalColleges.shp","76.5","2022-12-09","unknown","","","","no","",""
"2023","2311 Arcadis","Transportation.shp",".shp","vector","Z:\2023\2311 Arcadis\A_Fort Lauderdale\2_Data Response\_1GIS Fed\2023 Homeland Data Downloads\Transportation\Transportation.shp","52627.6","2023-02-01","unknown","","","","no","",""
"2023","2311 Arcadis","TruckDrivingSchools.shp",".shp","vector","Z:\2023\2311 Arcadis\A_Fort Lauderdale\2_Data Response\_1GIS Fed\2023 Homeland Data Downloads\Truck_Driving_Schools\TruckDrivingSchools.shp","16.4","2023-02-01","unknown","","","","no","",""
"2023","2311 Arcadis","UPS_Facilities.shp",".shp","vector","Z:\2023\2311 Arcadis\A_Fort Lauderdale\2_Data Response\_1GIS Fed\2023 Homeland Data Downloads\UPS_Facilities\UPS_Facilities.shp","1348.6","2023-04-06","unknown","","","","no","",""
"2023","2311 Arcadis","USCG_Sectors.shp",".shp","vector","Z:\2023\2311 Arcadis\A_Fort Lauderdale\2_Data Response\_1GIS Fed\2023 Homeland Data Downloads\USCG_Sectors\USCG_Sectors.shp","4155.3","2022-06-30","unknown","","","","no","",""
"2023","2311 Arcadis","USACE_Offices.shp",".shp","vector","Z:\2023\2311 Arcadis\A_Fort Lauderdale\2_Data Response\_1GIS Fed\2023 Homeland Data Downloads\US_Army_Corps_of_Engineers_(USACE)_Offices\USACE_Offices.shp","1.9","2023-02-01","unknown","","","","no","",""
"2023","2311 Arcadis","U_S__Coast_Guard__USCG__Maritime_Differential_GPS__DGPS__Locations.shp",".shp","vector","Z:\2023\2311 Arcadis\A_Fort Lauderdale\2_Data Response\_1GIS Fed\2023 Homeland Data Downloads\US_Coast_Guard_(USCG)_Maritime_Differential_GPS_(DGPS)_Locations\U_S__Coast_Guard__USCG__Maritime_Differential_GPS__DGPS__Locations.shp","2.5","2022-09-21","gpssurvey","","","","no","",""
"2023","2311 Arcadis","Veterans_Health_Administration_Medical_Facilities.shp",".shp","vector","Z:\2023\2311 Arcadis\A_Fort Lauderdale\2_Data Response\_1GIS Fed\2023 Homeland Data Downloads\Veterans_Health_Administration_Medical_Facilities\Veterans_Health_Administration_Medical_Facilities.shp","28.7","2022-06-29","unknown","","","","no","",""
"2023","2311 Arcadis","Wastewater_Treatment_Plants.shp",".shp","vector","Z:\2023\2311 Arcadis\A_Fort Lauderdale\2_Data Response\_1GIS Fed\2023 Homeland Data Downloads\Wastewater_Treatment_Plants\Wastewater_Treatment_Plants.shp","4694.9","2022-06-06","vegetation","","","","no","",""
"2023","2311 Arcadis","Weather_Radar_Stations.shp",".shp","vector","Z:\2023\2311 Arcadis\A_Fort Lauderdale\2_Data Response\_1GIS Fed\2023 Homeland Data Downloads\Weather_Radar_Stations\Weather_Radar_Stations.shp","5.6","2023-02-01","unknown","","","","no","",""
"2023","2311 Arcadis","Environmental_Protection_Agency__EPA__Facility_Registry_Service__FRS__Power_Plants.shp",".shp","vector","Z:\2023\2311 Arcadis\A_Fort Lauderdale\2_Data Response\_1GIS Fed\2023 Homeland Data Downloads\_Environmental_Protection_Agency_(EPA)_Facility_Registry_Service_(FRS)_Power_Plants\Environmental_Protection_Agency__EPA__Facility_Registry_Service__FRS__Power_Plants.shp","123.5","2022-07-05","vegetation","","","","no","",""
"2023","2311 Arcadis","LOW_INCOME_HOUSING_TAX_CREDITS.shp",".shp","vector","Z:\2023\2311 Arcadis\A_Fort Lauderdale\2_Data Response\_1GIS Fed\HUD\Low-Income_Housing_Tax_Credit_Properties\LOW_INCOME_HOUSING_TAX_CREDITS.shp","1314.8","2023-02-15","mitigation","","","","no","",""
"2023","2311 Arcadis","PUBLIC_HOUSING_DEVELOPMENTS.shp",".shp","vector","Z:\2023\2311 Arcadis\A_Fort Lauderdale\2_Data Response\_1GIS Fed\HUD\Public_Housing_Developments\PUBLIC_HOUSING_DEVELOPMENTS.shp","180.5","2023-05-25","unknown","","","","no","",""
"2023","2311 Arcadis","1950-2022-torn-aspath.shp",".shp","vector","Z:\2023\2311 Arcadis\A_Fort Lauderdale\2_Data Response\_1GIS Fed\NOAA\1950-2022-tornado-aspath\1950-2022-torn-aspath\1950-2022-torn-aspath.shp","5904.1","2023-05-26","unknown","","","","no","",""
"2023","2311 Arcadis","1955-2022-hail-aspath.shp",".shp","vector","Z:\2023\2311 Arcadis\A_Fort Lauderdale\2_Data Response\_1GIS Fed\NOAA\1955-2022-hail-aspath\1955-2022-hail-aspath\1955-2022-hail-aspath.shp","33017.8","2023-05-26","unknown","","","","no","",""
"2023","2311 Arcadis","1955-2022-wind-aspath.shp",".shp","vector","Z:\2023\2311 Arcadis\A_Fort Lauderdale\2_Data Response\_1GIS Fed\NOAA\1955-2022-wind-aspath\1955-2022-wind-aspath\1955-2022-wind-aspath.shp","42589","2023-05-26","unknown","","","","no","",""
"2023","2311 Arcadis","ESI_Habitat_Regions_in_Florida.shp",".shp","vector","Z:\2023\2311 Arcadis\A_Fort Lauderdale\2_Data Response\_1GIS Fed\NOAA\ESI_Habitat_Regions_in_Florida\ESI_Habitat_Regions_in_Florida.shp","39447.4","2022-11-28","habitat","","","","no","",""
"2023","2311 Arcadis","ESI_Land_Mammal_Habitat_Areas.shp",".shp","vector","Z:\2023\2311 Arcadis\A_Fort Lauderdale\2_Data Response\_1GIS Fed\NOAA\ESI_Land_Mammal_Habitat_Areas\ESI_Land_Mammal_Habitat_Areas.shp","18375.8","2022-12-13","habitat","","","","no","",""
"2023","2311 Arcadis","ESI_Marine_Mammal_Habitat_Areas.shp",".shp","vector","Z:\2023\2311 Arcadis\A_Fort Lauderdale\2_Data Response\_1GIS Fed\NOAA\ESI_Marine_Mammal_Habitat_Areas\ESI_Marine_Mammal_Habitat_Areas.shp","38433.8","2022-12-03","habitat","","","","no","",""
"2023","2311 Arcadis","ESI_Shoreline_Classification_Lines_Florida.shp",".shp","vector","Z:\2023\2311 Arcadis\A_Fort Lauderdale\2_Data Response\_1GIS Fed\NOAA\ESI_Shoreline_Classification_Lines_Florida\ESI_Shoreline_Classification_Lines_Florida.shp","53328.7","2022-11-22","coastal","","","","no","",""
"2023","2311 Arcadis","shapefile_Johnsons_seagrass_critical_habitat_SERO.shp",".shp","vector","Z:\2023\2311 Arcadis\A_Fort Lauderdale\2_Data Response\_1GIS Fed\NOAA\shapefile-johnsons-seagrass-critical-habitat-sero (1)\shapefile_Johnsons_seagrass_critical_habitat_SERO.shp","92.3","2019-04-04","habitat","","","","no","",""
"2023","2311 Arcadis","GasStations_FL_FDACS.shp",".shp","vector","Z:\2023\2311 Arcadis\A_Fort Lauderdale\2_Data Response\_2GIS State\FDACS\2023 0309 GasStations_FL_FDACS\GasStations_FL_FDACS.shp","252.7","2023-03-09","unknown","","","","no","",""
"2023","2311 Arcadis","Evacuation_Routes.shp",".shp","vector","Z:\2023\2311 Arcadis\A_Fort Lauderdale\2_Data Response\_2GIS State\FDEM\Evacuation_Routes\Evacuation_Routes.shp","6846.8","2022-07-21","unknown","","","","no","",""
"2023","2311 Arcadis","basins.shp",".shp","vector","Z:\2023\2311 Arcadis\A_Fort Lauderdale\2_Data Response\_2GIS State\FDEP\basins\basins.shp","32150.3","2007-10-25","stormwater","","","","no","",""
"2023","2311 Arcadis","bridges.shp",".shp","vector","Z:\2023\2311 Arcadis\A_Fort Lauderdale\2_Data Response\_2GIS State\FDHR\results28\Cities\bridges.shp","4.1","2023-07-25","unknown","","","","no","",""
"2023","2311 Arcadis","cemeteries.shp",".shp","vector","Z:\2023\2311 Arcadis\A_Fort Lauderdale\2_Data Response\_2GIS State\FDHR\results28\Cities\cemeteries.shp","3.2","2023-07-25","unknown","","","","no","",""
"2023","2311 Arcadis","Cities_of_Interest.shp",".shp","vector","Z:\2023\2311 Arcadis\A_Fort Lauderdale\2_Data Response\_2GIS State\FDHR\results28\Cities\Cities_of_Interest.shp","181.3","2023-07-25","unknown","","","","no","",""
"2023","2311 Arcadis","resource_groups.shp",".shp","vector","Z:\2023\2311 Arcadis\A_Fort Lauderdale\2_Data Response\_2GIS State\FDHR\results28\Cities\resource_groups.shp","207.6","2023-07-25","unknown","","","","no","",""
"2023","2311 Arcadis","sites_AR.shp",".shp","vector","Z:\2023\2311 Arcadis\A_Fort Lauderdale\2_Data Response\_2GIS State\FDHR\results28\Cities\sites_AR.shp","3.9","2023-07-27","unknown","","","","no","",""
"2023","2311 Arcadis","structures.shp",".shp","vector","Z:\2023\2311 Arcadis\A_Fort Lauderdale\2_Data Response\_2GIS State\FDHR\results28\Cities\structures.shp","185.7","2023-07-25","unknown","","","","no","",""
"2023","2311 Arcadis","Martin_Bridges.shp",".shp","vector","Z:\2023\2311 Arcadis\A_Fort Lauderdale\2_Data Response\_2GIS State\FDHR\results28\Counties\Martin\Martin_Bridges.shp","1.5","2023-07-07","unknown","","","","no","",""
"2023","2311 Arcadis","Martin_Cemeteries.shp",".shp","vector","Z:\2023\2311 Arcadis\A_Fort Lauderdale\2_Data Response\_2GIS State\FDHR\results28\Counties\Martin\Martin_Cemeteries.shp","2","2023-07-07","unknown","","","","no","",""
"2023","2311 Arcadis","Martin_NRListed.shp",".shp","vector","Z:\2023\2311 Arcadis\A_Fort Lauderdale\2_Data Response\_2GIS State\FDHR\results28\Counties\Martin\Martin_NRListed.shp","2.8","2023-07-07","unknown","","","","no","",""
"2023","2311 Arcadis","Martin_ResourceGrps.shp",".shp","vector","Z:\2023\2311 Arcadis\A_Fort Lauderdale\2_Data Response\_2GIS State\FDHR\results28\Counties\Martin\Martin_ResourceGrps.shp","157.2","2023-07-07","unknown","","","","no","",""
"2023","2311 Arcadis","Martin_Sites_AR.shp",".shp","vector","Z:\2023\2311 Arcadis\A_Fort Lauderdale\2_Data Response\_2GIS State\FDHR\results28\Counties\Martin\Martin_Sites_AR.shp","1.7","2023-07-27","unknown","","","","no","",""
"2023","2311 Arcadis","Martin_Structures.shp",".shp","vector","Z:\2023\2311 Arcadis\A_Fort Lauderdale\2_Data Response\_2GIS State\FDHR\results28\Counties\Martin\Martin_Structures.shp","34.4","2023-07-07","unknown","","","","no","",""
"2023","2311 Arcadis","Monroe_Bridges.shp",".shp","vector","Z:\2023\2311 Arcadis\A_Fort Lauderdale\2_Data Response\_2GIS State\FDHR\results28\Counties\Monroe\Monroe_Bridges.shp","3.4","2023-07-07","unknown","","","","no","",""
"2023","2311 Arcadis","Monroe_Cemeteries.shp",".shp","vector","Z:\2023\2311 Arcadis\A_Fort Lauderdale\2_Data Response\_2GIS State\FDHR\results28\Counties\Monroe\Monroe_Cemeteries.shp","1.6","2023-07-07","unknown","","","","no","",""
"2023","2311 Arcadis","Monroe_NRListed.shp",".shp","vector","Z:\2023\2311 Arcadis\A_Fort Lauderdale\2_Data Response\_2GIS State\FDHR\results28\Counties\Monroe\Monroe_NRListed.shp","156.8","2023-07-07","unknown","","","","no","",""
"2023","2311 Arcadis","Monroe_ResourceGrps.shp",".shp","vector","Z:\2023\2311 Arcadis\A_Fort Lauderdale\2_Data Response\_2GIS State\FDHR\results28\Counties\Monroe\Monroe_ResourceGrps.shp","212.5","2023-07-07","unknown","","","","no","",""
"2023","2311 Arcadis","Monroe_Sites_AR.shp",".shp","vector","Z:\2023\2311 Arcadis\A_Fort Lauderdale\2_Data Response\_2GIS State\FDHR\results28\Counties\Monroe\Monroe_Sites_AR.shp","64.9","2023-07-27","unknown","","","","no","",""
"2023","2311 Arcadis","Monroe_Structures.shp",".shp","vector","Z:\2023\2311 Arcadis\A_Fort Lauderdale\2_Data Response\_2GIS State\FDHR\results28\Counties\Monroe\Monroe_Structures.shp","150.6","2023-07-07","unknown","","","","no","",""
"2023","2311 Arcadis","Palm Beach_Sites_AR.shp",".shp","vector","Z:\2023\2311 Arcadis\A_Fort Lauderdale\2_Data Response\_2GIS State\FDHR\results28\Counties\PalmBeach\Palm Beach_Sites_AR.shp","0.8","2023-07-27","coastal","","","","no","",""
"2023","2311 Arcadis","PalmBeach_Bridges.shp",".shp","vector","Z:\2023\2311 Arcadis\A_Fort Lauderdale\2_Data Response\_2GIS State\FDHR\results28\Counties\PalmBeach\PalmBeach_Bridges.shp","6.2","2023-07-07","coastal","","","","no","",""
"2023","2311 Arcadis","PalmBeach_Cemeteries.shp",".shp","vector","Z:\2023\2311 Arcadis\A_Fort Lauderdale\2_Data Response\_2GIS State\FDHR\results28\Counties\PalmBeach\PalmBeach_Cemeteries.shp","4.4","2023-07-07","coastal","","","","no","",""
"2023","2311 Arcadis","PalmBeach_NRListed.shp",".shp","vector","Z:\2023\2311 Arcadis\A_Fort Lauderdale\2_Data Response\_2GIS State\FDHR\results28\Counties\PalmBeach\PalmBeach_NRListed.shp","21","2023-07-07","coastal","","","","no","",""
"2023","2311 Arcadis","PalmBeach_ResourceGrps.shp",".shp","vector","Z:\2023\2311 Arcadis\A_Fort Lauderdale\2_Data Response\_2GIS State\FDHR\results28\Counties\PalmBeach\PalmBeach_ResourceGrps.shp","363","2023-07-07","coastal","","","","no","",""
"2023","2311 Arcadis","PalmBeach_Structures.shp",".shp","vector","Z:\2023\2311 Arcadis\A_Fort Lauderdale\2_Data Response\_2GIS State\FDHR\results28\Counties\PalmBeach\PalmBeach_Structures.shp","431.7","2023-07-07","coastal","","","","no","",""
"2023","2311 Arcadis","StLucie_Bridges.shp",".shp","vector","Z:\2023\2311 Arcadis\A_Fort Lauderdale\2_Data Response\_2GIS State\FDHR\results28\Counties\StLucie\StLucie_Bridges.shp","1.7","2023-07-07","unknown","","","","no","",""
"2023","2311 Arcadis","StLucie_Cemeteries.shp",".shp","vector","Z:\2023\2311 Arcadis\A_Fort Lauderdale\2_Data Response\_2GIS State\FDHR\results28\Counties\StLucie\StLucie_Cemeteries.shp","2.5","2023-07-07","unknown","","","","no","",""
"2023","2311 Arcadis","StLucie_NRListed.shp",".shp","vector","Z:\2023\2311 Arcadis\A_Fort Lauderdale\2_Data Response\_2GIS State\FDHR\results28\Counties\StLucie\StLucie_NRListed.shp","6.1","2023-07-07","unknown","","","","no","",""
"2023","2311 Arcadis","StLucie_ResourceGrps.shp",".shp","vector","Z:\2023\2311 Arcadis\A_Fort Lauderdale\2_Data Response\_2GIS State\FDHR\results28\Counties\StLucie\StLucie_ResourceGrps.shp","182.8","2023-07-07","unknown","","","","no","",""
"2023","2311 Arcadis","StLucie_Sites_AR.shp",".shp","vector","Z:\2023\2311 Arcadis\A_Fort Lauderdale\2_Data Response\_2GIS State\FDHR\results28\Counties\StLucie\StLucie_Sites_AR.shp","2.8","2023-07-27","unknown","","","","no","",""
"2023","2311 Arcadis","StLucie_Structures.shp",".shp","vector","Z:\2023\2311 Arcadis\A_Fort Lauderdale\2_Data Response\_2GIS State\FDHR\results28\Counties\StLucie\StLucie_Structures.shp","75.3","2023-07-07","unknown","","","","no","",""
"2023","2311 Arcadis","District Boundary.shp",".shp","vector","Z:\2023\2311 Arcadis\A_Fort Lauderdale\2_Data Response\_2GIS State\FDHR\results28\District Boundary\District Boundary.shp","0.6","2023-07-25","unknown","","","","no","",""
"2023","2311 Arcadis","Bridges_TDA.shp",".shp","vector","Z:\2023\2311 Arcadis\A_Fort Lauderdale\2_Data Response\_2GIS State\FDOT\Bridges_TDA\Bridges_TDA.shp","1061.9","2023-01-30","unknown","","","","no","",""
"2023","2311 Arcadis","par_citylm_2018.shp",".shp","vector","Z:\2023\2311 Arcadis\A_Fort Lauderdale\2_Data Response\_2GIS State\FGDL__UF+FDOT\par_citylm_2018\par_citylm_2018.shp","6184.9","2020-11-09","municipal","","","","no","",""
"2023","2311 Arcadis","USA_Counties.shp",".shp","vector","Z:\2023\2311 Arcadis\A_Fort Lauderdale\2_Data Response\_2GIS State\Florida_Counties\USA_Counties.shp","147778.5","2022-11-03","unknown","","","","no","",""
"2023","2311 Arcadis","ESI_Shoreline_Classification_Lines_Florida.shp",".shp","vector","Z:\2023\2311 Arcadis\A_Fort Lauderdale\2_Data Response\_2GIS State\FWC\ESI_Shoreline_Classification_Lines_Florida\ESI_Shoreline_Classification_Lines_Florida.shp","53328.7","2024-01-10","coastal","","","","no","",""
"2023","2311 Arcadis","FWC_Florida_Boat_Ramp_Inventory_-_mature_support.shp",".shp","vector","Z:\2023\2311 Arcadis\A_Fort Lauderdale\2_Data Response\_2GIS State\FWC\FWC_Florida_Boat_Ramp_Inventory_-_mature_support\FWC_Florida_Boat_Ramp_Inventory_-_mature_support.shp","71.6","2022-12-24","unknown","","","","no","",""
"2023","2311 Arcadis","marinas_jan17.shp",".shp","vector","Z:\2023\2311 Arcadis\A_Fort Lauderdale\2_Data Response\_2GIS State\FWC\marinas_jan17\marinas_jan17.shp","75.9","2017-11-03","unknown","","","","no","",""
"2023","2311 Arcadis","Seagrass_Habitat_in_Florida.shp",".shp","vector","Z:\2023\2311 Arcadis\A_Fort Lauderdale\2_Data Response\_2GIS State\FWC\Seagrass_Habitat_in_Florida\Seagrass_Habitat_in_Florida.shp","250395.8","2023-01-04","habitat","","","","no","",""
"2023","2311 Arcadis","State_Manatee_Protection_Zones_in_Florida.shp",".shp","vector","Z:\2023\2311 Arcadis\A_Fort Lauderdale\2_Data Response\_2GIS State\FWC\State_Manatee_Protection_Zones_in_Florida\State_Manatee_Protection_Zones_in_Florida.shp","40876.3","2023-01-11","municipal","","","","no","",""
"2023","2311 Arcadis","Cities.shp",".shp","vector","Z:\2023\2311 Arcadis\A_Fort Lauderdale\2_Data Response\_4GIS City\cities\Cities.shp","369","2017-01-18","unknown","","","","no","",""
"2023","2311 Arcadis","RedevelopmentArea.shp",".shp","vector","Z:\2023\2311 Arcadis\A_Fort Lauderdale\2_Data Response\_4GIS City\CommunityRedevelopmentArea\RedevelopmentArea.shp","3.1","2022-11-28","unknown","","","","no","",""
"2023","2311 Arcadis","KingTideRoadway.shp",".shp","vector","Z:\2023\2311 Arcadis\A_Fort Lauderdale\2_Data Response\_4GIS City\HistoricKingTideAffectedRoadway\KingTideRoadway.shp","10.9","2025-01-18","unknown","","","","no","",""
"2023","2311 Arcadis","KingTideQAlertPoint.shp",".shp","vector","Z:\2023\2311 Arcadis\A_Fort Lauderdale\2_Data Response\_4GIS City\HistoricKingTideQAlertPoints\KingTideQAlertPoint.shp","2.5","2022-11-28","unknown","","","","no","",""
"2023","2311 Arcadis","PotentialFloodArea.shp",".shp","vector","Z:\2023\2311 Arcadis\A_Fort Lauderdale\2_Data Response\_4GIS City\PotentialFloodImpactArea\PotentialFloodArea.shp","3.4","2022-11-28","flood","","","","no","",""
"2023","2311 Arcadis","Fort_Lauderdale_ FLight_Plan.kmz",".kmz","vector","Z:\2023\2311 Arcadis\A_Fort Lauderdale\2_Data Response\_GIS Arcadis\2023 1030 HardDrive\Fort_Lauderdale_ FLight_Plan.kmz","438.6","2022-08-16","unknown","","","","no","",""
"2023","2311 Arcadis","Ft Lauderdale PIDS.kmz",".kmz","vector","Z:\2023\2311 Arcadis\A_Fort Lauderdale\2_Data Response\_GIS Arcadis\2023 1030 HardDrive\Ft Lauderdale PIDS.kmz","3.9","2022-09-07","unknown","","","","no","",""
"2023","2311 Arcadis","Fort_Lauderdale_ FLight_Plan.kmz",".kmz","vector","Z:\2023\2311 Arcadis\A_Fort Lauderdale\2_Data Response\_GIS Arcadis\2023 1030 HardDrive\2023_Aerial_Lidar\Fort_Lauderdale_ FLight_Plan.kmz","438.6","2022-08-16","unknown","","","","no","",""
"2023","2311 Arcadis","Ft Lauderdale PIDS.kmz",".kmz","vector","Z:\2023\2311 Arcadis\A_Fort Lauderdale\2_Data Response\_GIS Arcadis\2023 1030 HardDrive\2023_Aerial_Lidar\Ft Lauderdale PIDS.kmz","3.9","2022-09-07","unknown","","","","no","",""
"2023","2311 Arcadis","FTL_AerialTiles2023.kmz",".kmz","vector","Z:\2023\2311 Arcadis\A_Fort Lauderdale\2_Data Response\_GIS Arcadis\2023 1030 HardDrive\2023_Aerial_Lidar\FTL_AerialTiles2023.kmz","108.7","2023-05-22","unknown","","","","no","",""
"2023","2311 Arcadis","FTL_AerialTileMap2023.shp",".shp","vector","Z:\2023\2311 Arcadis\A_Fort Lauderdale\2_Data Response\_GIS Arcadis\2023 1030 HardDrive\2023_Aerial_Lidar\GIS\FTL_AerialTileMap2023.shp","224.9","2023-05-22","unknown","","","","no","",""
"2023","2311 Arcadis","FTL_AerialTileMap2023.shp",".shp","vector","Z:\2023\2311 Arcadis\A_Fort Lauderdale\2_Data Response\_GIS Arcadis\2023 1030 HardDrive\Tile Map\FTL_AerialTileMap2023.shp","224.9","2023-05-22","unknown","","","","no","",""
"2023","2311 Arcadis","FTL_AerialTiles2023.kmz",".kmz","vector","Z:\2023\2311 Arcadis\A_Fort Lauderdale\2_Data Response\_GIS Arcadis\2023 1030 HardDrive\Tile Map\FTL_AerialTiles2023.kmz","108.7","2023-05-22","unknown","","","","no","",""
"2023","2311 Arcadis","Ft Lauderdale Baseline Asset Inventory.csv",".csv","vector","Z:\2023\2311 Arcadis\A_Fort Lauderdale\4_Baseline Layout\Ft Lauderdale Baseline Asset Inventory.csv","23","2024-03-04","unknown","","","","no","",""
"2023","2311 Arcadis","FTL Critical Asset List.csv",".csv","vector","Z:\2023\2311 Arcadis\A_Fort Lauderdale\4_Baseline Layout\0_Baseline APRX\FTL Critical Asset List.csv","12.5","2024-01-10","unknown","","","","no","",""
"2023","2311 Arcadis","layer_data_sources1.csv",".csv","vector","Z:\2023\2311 Arcadis\A_Fort Lauderdale\4_Baseline Layout\0_Baseline APRX\layer_data_sources1.csv","23","2024-03-04","unknown","","","","no","",""
"2023","2311 Arcadis","HwBound.shp",".shp","vector","Z:\2023\2311 Arcadis\A_Fort Lauderdale\5_Flood Projection\5_Rainfall Model\Shapefiles\HwBound.shp","64.2","2023-12-12","unknown","","","","no","",""
"2023","2311 Arcadis","combined_raster_polygon.shp",".shp","vector","Z:\2023\2311 Arcadis\A_Fort Lauderdale\5_Flood Projection\ExposureConfigurations\combined_raster_polygon.shp","30740.5","2024-05-29","unknown","","","","no","",""
"2023","2311 Arcadis","sorted_polygons.shp",".shp","vector","Z:\2023\2311 Arcadis\A_Fort Lauderdale\5_Flood Projection\ExposureConfigurations\sorted_polygons.shp","30740.5","2024-05-29","unknown","","","","no","",""
"2023","2311 Arcadis","top_10_areas.shp",".shp","vector","Z:\2023\2311 Arcadis\A_Fort Lauderdale\5_Flood Projection\ExposureConfigurations\top_10_areas.shp","1.4","2024-05-29","unknown","","","","no","",""
"2023","2311 Arcadis","top_10_areas_buffered.shp",".shp","vector","Z:\2023\2311 Arcadis\A_Fort Lauderdale\5_Flood Projection\ExposureConfigurations\top_10_areas_buffered.shp","16.4","2024-05-29","unknown","","","","no","",""
"2023","2311 Arcadis","top_15_areas.shp",".shp","vector","Z:\2023\2311 Arcadis\A_Fort Lauderdale\5_Flood Projection\ExposureConfigurations\top_15_areas.shp","2.1","2024-05-29","unknown","","","","no","",""
"2023","2311 Arcadis","top_15_areas_buffered.shp",".shp","vector","Z:\2023\2311 Arcadis\A_Fort Lauderdale\5_Flood Projection\ExposureConfigurations\top_15_areas_buffered.shp","24.6","2024-05-29","unknown","","","","no","",""
"2023","2311 Arcadis","top_25_areas.shp",".shp","vector","Z:\2023\2311 Arcadis\A_Fort Lauderdale\5_Flood Projection\ExposureConfigurations\top_25_areas.shp","0.1","2024-08-22","unknown","","","","no","",""
"2023","2311 Arcadis","top_25_areas_buffered.shp",".shp","vector","Z:\2023\2311 Arcadis\A_Fort Lauderdale\5_Flood Projection\ExposureConfigurations\top_25_areas_buffered.shp","40.9","2024-05-29","unknown","","","","no","",""
"2023","2311 Arcadis","S_BASE_INDEX.shp",".shp","vector","Z:\2023\2311 Arcadis\A_Fort Lauderdale\5_Flood Projection\FEMA Present Day Surge\12011C_20240802\S_BASE_INDEX.shp","2.7","2024-08-02","unknown","","","","no","",""
"2023","2311 Arcadis","S_BFE.shp",".shp","vector","Z:\2023\2311 Arcadis\A_Fort Lauderdale\5_Flood Projection\FEMA Present Day Surge\12011C_20240802\S_BFE.shp","14.7","2024-08-02","flood","","","","no","",""
"2023","2311 Arcadis","S_CST_GAGE.shp",".shp","vector","Z:\2023\2311 Arcadis\A_Fort Lauderdale\5_Flood Projection\FEMA Present Day Surge\12011C_20240802\S_CST_GAGE.shp","0.2","2024-08-02","unknown","","","","no","",""
"2023","2311 Arcadis","S_CST_TSCT_LN.shp",".shp","vector","Z:\2023\2311 Arcadis\A_Fort Lauderdale\5_Flood Projection\FEMA Present Day Surge\12011C_20240802\S_CST_TSCT_LN.shp","7.6","2024-08-02","unknown","","","","no","",""
"2023","2311 Arcadis","S_FIRM_PAN.shp",".shp","vector","Z:\2023\2311 Arcadis\A_Fort Lauderdale\5_Flood Projection\FEMA Present Day Surge\12011C_20240802\S_FIRM_PAN.shp","14","2024-08-02","flood","","","","no","",""
"2023","2311 Arcadis","S_FLD_HAZ_AR.shp",".shp","vector","Z:\2023\2311 Arcadis\A_Fort Lauderdale\5_Flood Projection\FEMA Present Day Surge\12011C_20240802\S_FLD_HAZ_AR.shp","60061.3","2024-08-02","unknown","","","","no","",""
"2023","2311 Arcadis","S_FLD_HAZ_LN.shp",".shp","vector","Z:\2023\2311 Arcadis\A_Fort Lauderdale\5_Flood Projection\FEMA Present Day Surge\12011C_20240802\S_FLD_HAZ_LN.shp","31565.8","2024-08-02","unknown","","","","no","",""
"2023","2311 Arcadis","S_GEN_STRUCT.shp",".shp","vector","Z:\2023\2311 Arcadis\A_Fort Lauderdale\5_Flood Projection\FEMA Present Day Surge\12011C_20240802\S_GEN_STRUCT.shp","4.9","2024-08-02","unknown","","","","no","",""
"2023","2311 Arcadis","S_HWM.shp",".shp","vector","Z:\2023\2311 Arcadis\A_Fort Lauderdale\5_Flood Projection\FEMA Present Day Surge\12011C_20240802\S_HWM.shp","0.2","2024-08-02","unknown","","","","no","",""
"2023","2311 Arcadis","S_HYDRO_REACH.shp",".shp","vector","Z:\2023\2311 Arcadis\A_Fort Lauderdale\5_Flood Projection\FEMA Present Day Surge\12011C_20240802\S_HYDRO_REACH.shp","41.7","2024-08-02","unknown","","","","no","",""
"2023","2311 Arcadis","S_LEVEE.shp",".shp","vector","Z:\2023\2311 Arcadis\A_Fort Lauderdale\5_Flood Projection\FEMA Present Day Surge\12011C_20240802\S_LEVEE.shp","2.8","2024-08-02","unknown","","","","no","",""
"2023","2311 Arcadis","S_LIMWA.shp",".shp","vector","Z:\2023\2311 Arcadis\A_Fort Lauderdale\5_Flood Projection\FEMA Present Day Surge\12011C_20240802\S_LIMWA.shp","12.7","2024-08-02","unknown","","","","no","",""
"2023","2311 Arcadis","S_LOMR.shp",".shp","vector","Z:\2023\2311 Arcadis\A_Fort Lauderdale\5_Flood Projection\FEMA Present Day Surge\12011C_20240802\S_LOMR.shp","3.8","2024-08-02","unknown","","","","no","",""
"2023","2311 Arcadis","S_NODES.shp",".shp","vector","Z:\2023\2311 Arcadis\A_Fort Lauderdale\5_Flood Projection\FEMA Present Day Surge\12011C_20240802\S_NODES.shp","8.8","2024-08-02","unknown","","","","no","",""
"2023","2311 Arcadis","S_PFD_LN.shp",".shp","vector","Z:\2023\2311 Arcadis\A_Fort Lauderdale\5_Flood Projection\FEMA Present Day Surge\12011C_20240802\S_PFD_LN.shp","40.1","2024-08-02","unknown","","","","no","",""
"2023","2311 Arcadis","S_PLSS_AR.shp",".shp","vector","Z:\2023\2311 Arcadis\A_Fort Lauderdale\5_Flood Projection\FEMA Present Day Surge\12011C_20240802\S_PLSS_AR.shp","161.2","2024-08-02","unknown","","","","no","",""
"2023","2311 Arcadis","S_POL_AR.shp",".shp","vector","Z:\2023\2311 Arcadis\A_Fort Lauderdale\5_Flood Projection\FEMA Present Day Surge\12011C_20240802\S_POL_AR.shp","563.9","2024-08-02","unknown","","","","no","",""
"2023","2311 Arcadis","S_PROFIL_BASLN.shp",".shp","vector","Z:\2023\2311 Arcadis\A_Fort Lauderdale\5_Flood Projection\FEMA Present Day Surge\12011C_20240802\S_PROFIL_BASLN.shp","67.7","2024-08-02","unknown","","","","no","",""
"2023","2311 Arcadis","S_STN_START.shp",".shp","vector","Z:\2023\2311 Arcadis\A_Fort Lauderdale\5_Flood Projection\FEMA Present Day Surge\12011C_20240802\S_STN_START.shp","0.3","2024-08-02","unknown","","","","no","",""
"2023","2311 Arcadis","S_SUBBASINS.shp",".shp","vector","Z:\2023\2311 Arcadis\A_Fort Lauderdale\5_Flood Projection\FEMA Present Day Surge\12011C_20240802\S_SUBBASINS.shp","61.2","2024-08-02","stormwater","","","","no","",""
"2023","2311 Arcadis","S_SUBMITTAL_INFO.shp",".shp","vector","Z:\2023\2311 Arcadis\A_Fort Lauderdale\5_Flood Projection\FEMA Present Day Surge\12011C_20240802\S_SUBMITTAL_INFO.shp","8.3","2024-08-02","unknown","","","","no","",""
"2023","2311 Arcadis","S_TSCT_BASLN.shp",".shp","vector","Z:\2023\2311 Arcadis\A_Fort Lauderdale\5_Flood Projection\FEMA Present Day Surge\12011C_20240802\S_TSCT_BASLN.shp","582.8","2024-08-02","unknown","","","","no","",""
"2023","2311 Arcadis","S_WTR_AR.shp",".shp","vector","Z:\2023\2311 Arcadis\A_Fort Lauderdale\5_Flood Projection\FEMA Present Day Surge\12011C_20240802\S_WTR_AR.shp","6457.4","2024-08-02","unknown","","","","no","",""
"2023","2311 Arcadis","S_WTR_LN.shp",".shp","vector","Z:\2023\2311 Arcadis\A_Fort Lauderdale\5_Flood Projection\FEMA Present Day Surge\12011C_20240802\S_WTR_LN.shp","6424.1","2024-08-02","unknown","","","","no","",""
"2023","2311 Arcadis","ReqDEMPolygon.shp",".shp","vector","Z:\2023\2311 Arcadis\A_Fort Lauderdale\5_Flood Projection\Surge Rasters\FortlauderdaleVA\RegionDEM\ReqDEMPolygon.shp","2.1","2023-12-11","unknown","","","","no","",""
"2023","2311 Arcadis","SRBoundary.shp",".shp","vector","Z:\2023\2311 Arcadis\A_Fort Lauderdale\5_Flood Projection\Surge Rasters\FortlauderdaleVA\RegionDEM\SRBoundary.shp","42.2","2023-12-11","unknown","","","","no","",""
"2023","2311 Arcadis","ValidDEMValuesPoly.shp",".shp","vector","Z:\2023\2311 Arcadis\A_Fort Lauderdale\5_Flood Projection\Surge Rasters\FortlauderdaleVA\RegionDEM\ValidDEMValuesPoly.shp","79.1","2023-12-11","unknown","","","","no","",""
"2023","2311 Arcadis","FTL3.2 Draft Prioritization List.csv",".csv","vector","Z:\2023\2311 Arcadis\A_Fort Lauderdale\6_Analysis\FTL3.2 Draft Prioritization List.csv","89.8","2024-09-04","unknown","","","","no","",""
"2023","2311 Arcadis","localnam.shp",".shp","vector","Z:\2023\2311 Arcadis\A_Fort Lauderdale\6_Analysis\2024 1203 FDOT Data\localnam\localnam.shp","10330.2","2024-12-01","unknown","","","","no","",""
"2023","2311 Arcadis","surface_width.shp",".shp","vector","Z:\2023\2311 Arcadis\A_Fort Lauderdale\6_Analysis\2024 1203 FDOT Data\surface_width\surface_width.shp","16313.3","2024-12-01","unknown","","","","no","",""
"2023","2311 Arcadis","Asset_Impact_Summary.csv",".csv","vector","Z:\2023\2311 Arcadis\A_Fort Lauderdale\6_Analysis\Sensitivity Analysis\Asset_Impact_Summary.csv","13.1","2024-10-16","unknown","","","","no","",""
"2023","2311 Arcadis","cityboundary.shp",".shp","vector","Z:\2023\2311 Arcadis\A_Fort Lauderdale\6_Analysis\Sensitivity Analysis\cityboundary.shp","64.2","2024-05-29","municipal","","","","no","",""
"2023","2311 Arcadis","temp_AviationFacilities_high.shp",".shp","vector","Z:\2023\2311 Arcadis\A_Fort Lauderdale\6_Analysis\Sensitivity Analysis\0813 Final Depth Load_AllAssets\temp_AviationFacilities_high.shp","0.2","2024-08-14","unknown","","","","no","",""
"2023","2311 Arcadis","hotspots.shp",".shp","vector","Z:\2023\2311 Arcadis\A_Fort Lauderdale\6_Analysis\Sensitivity Analysis\2024 0809 Hot Spots\hotspots.shp","23.1","2024-08-09","unknown","","","","no","",""
"2023","2311 Arcadis","Elevation_High_Roads.shp",".shp","vector","Z:\2023\2311 Arcadis\A_Fort Lauderdale\6_Analysis\Sensitivity Analysis\Classified_Shapefiles\Elevation_High_Roads.shp","160.7","2024-08-31","unknown","","","","no","",""
"2023","2311 Arcadis","Elevation_Low_Roads.shp",".shp","vector","Z:\2023\2311 Arcadis\A_Fort Lauderdale\6_Analysis\Sensitivity Analysis\Classified_Shapefiles\Elevation_Low_Roads.shp","148.9","2024-08-31","unknown","","","","no","",""
"2023","2311 Arcadis","Elevation_Medium_Roads.shp",".shp","vector","Z:\2023\2311 Arcadis\A_Fort Lauderdale\6_Analysis\Sensitivity Analysis\Classified_Shapefiles\Elevation_Medium_Roads.shp","99.5","2024-08-31","unknown","","","","no","",""
"2023","2311 Arcadis","Elevation_Very Low_Roads.shp",".shp","vector","Z:\2023\2311 Arcadis\A_Fort Lauderdale\6_Analysis\Sensitivity Analysis\Classified_Shapefiles\Elevation_Very Low_Roads.shp","84.4","2024-08-31","unknown","","","","no","",""
"2023","2311 Arcadis","Risk_High_Roads.shp",".shp","vector","Z:\2023\2311 Arcadis\A_Fort Lauderdale\6_Analysis\Sensitivity Analysis\Classified_Shapefiles\Risk_High_Roads.shp","168.4","2024-08-31","unknown","","","","no","",""
"2023","2311 Arcadis","Risk_Low_Roads.shp",".shp","vector","Z:\2023\2311 Arcadis\A_Fort Lauderdale\6_Analysis\Sensitivity Analysis\Classified_Shapefiles\Risk_Low_Roads.shp","152.2","2024-08-31","unknown","","","","no","",""
"2023","2311 Arcadis","Risk_Medium_Roads.shp",".shp","vector","Z:\2023\2311 Arcadis\A_Fort Lauderdale\6_Analysis\Sensitivity Analysis\Classified_Shapefiles\Risk_Medium_Roads.shp","162.4","2024-08-31","unknown","","","","no","",""
"2023","2311 Arcadis","Risk_Very Low_Roads.shp",".shp","vector","Z:\2023\2311 Arcadis\A_Fort Lauderdale\6_Analysis\Sensitivity Analysis\Classified_Shapefiles\Risk_Very Low_Roads.shp","145","2024-08-31","unknown","","","","no","",""
"2023","2311 Arcadis","City_analysis.csv",".csv","vector","Z:\2023\2311 Arcadis\A_Fort Lauderdale\6_Analysis\Sensitivity Analysis\OutputReports\City_analysis.csv","19.9","2024-09-27","municipal","","","","no","",""
"2023","2311 Arcadis","County_analysis.csv",".csv","vector","Z:\2023\2311 Arcadis\A_Fort Lauderdale\6_Analysis\Sensitivity Analysis\OutputReports\County_analysis.csv","25.5","2024-09-27","municipal","","","","no","",""
"2023","2311 Arcadis","Evacuation_analysis.csv",".csv","vector","Z:\2023\2311 Arcadis\A_Fort Lauderdale\6_Analysis\Sensitivity Analysis\OutputReports\Evacuation_analysis.csv","3.4","2024-09-27","unknown","","","","no","",""
"2023","2311 Arcadis","State_analysis.csv",".csv","vector","Z:\2023\2311 Arcadis\A_Fort Lauderdale\6_Analysis\Sensitivity Analysis\OutputReports\State_analysis.csv","21.1","2024-09-27","municipal","","","","no","",""
"2023","2311 Arcadis","Railroads_high_SocialJoin.shp",".shp","vector","Z:\2023\2311 Arcadis\A_Fort Lauderdale\6_Analysis\Sensitivity Analysis\SocialIndexImport\Railroads_high_SocialJoin.shp","7.1","2024-08-14","unknown","","","","no","",""
"2023","2311 Arcadis","cemeteries_high_SocialJoin.shp",".shp","vector","Z:\2023\2311 Arcadis\A_Fort Lauderdale\6_Analysis\Sensitivity Analysis\SocialIndexImport\cemeteries_high_SocialJoin.shp","0.6","2024-08-14","unknown","","","","no","",""
"2023","2311 Arcadis","NaturalGasPipelines_low_SocialJoin.shp",".shp","vector","Z:\2023\2311 Arcadis\A_Fort Lauderdale\6_Analysis\Sensitivity Analysis\SocialIndexImport\NaturalGasPipelines_low_SocialJoin.shp","0.7","2024-08-14","unknown","","","","no","",""
"2023","2311 Arcadis","CriticalCommunity_GovMilitary_high_SocialJoin.shp",".shp","vector","Z:\2023\2311 Arcadis\A_Fort Lauderdale\6_Analysis\Sensitivity Analysis\SocialIndexImport\CriticalCommunity_GovMilitary_high_SocialJoin.shp","0.1","2024-08-14","unknown","","","","no","",""
"2023","2311 Arcadis","PowerStations_medium_SocialJoin.shp",".shp","vector","Z:\2023\2311 Arcadis\A_Fort Lauderdale\6_Analysis\Sensitivity Analysis\SocialIndexImport\PowerStations_medium_SocialJoin.shp","7.8","2024-08-14","unknown","","","","no","",""
"2023","2311 Arcadis","PoliceStations_high_SocialJoin.shp",".shp","vector","Z:\2023\2311 Arcadis\A_Fort Lauderdale\6_Analysis\Sensitivity Analysis\SocialIndexImport\PoliceStations_high_SocialJoin.shp","0.4","2024-08-14","unknown","","","","no","",""
"2023","2311 Arcadis","CountyCorrectionalFacilities_high_SocialJoin.shp",".shp","vector","Z:\2023\2311 Arcadis\A_Fort Lauderdale\6_Analysis\Sensitivity Analysis\SocialIndexImport\CountyCorrectionalFacilities_high_SocialJoin.shp","0.6","2024-08-14","municipal","","","","no","",""
"2023","2311 Arcadis","MunicipalParks_medium_SocialJoin.shp",".shp","vector","Z:\2023\2311 Arcadis\A_Fort Lauderdale\6_Analysis\Sensitivity Analysis\SocialIndexImport\MunicipalParks_medium_SocialJoin.shp","57.6","2024-08-14","municipal","","","","no","",""
"2023","2311 Arcadis","EMSStations_medium_SocialJoin.shp",".shp","vector","Z:\2023\2311 Arcadis\A_Fort Lauderdale\6_Analysis\Sensitivity Analysis\SocialIndexImport\EMSStations_medium_SocialJoin.shp","0.6","2024-08-14","unknown","","","","no","",""
"2023","2311 Arcadis","CriticalCommunity_HealthMedical_medium_SocialJoin.shp",".shp","vector","Z:\2023\2311 Arcadis\A_Fort Lauderdale\6_Analysis\Sensitivity Analysis\SocialIndexImport\CriticalCommunity_HealthMedical_medium_SocialJoin.shp","0.3","2024-08-14","unknown","","","","no","",""
"2023","2311 Arcadis","PrincipalPorts_high_SocialJoin.shp",".shp","vector","Z:\2023\2311 Arcadis\A_Fort Lauderdale\6_Analysis\Sensitivity Analysis\SocialIndexImport\PrincipalPorts_high_SocialJoin.shp","0.1","2024-08-14","unknown","","","","no","",""
"2023","2311 Arcadis","FireStations_Points_high_SocialJoin.shp",".shp","vector","Z:\2023\2311 Arcadis\A_Fort Lauderdale\6_Analysis\Sensitivity Analysis\SocialIndexImport\FireStations_Points_high_SocialJoin.shp","0.4","2024-08-14","fire","","","","no","",""
"2023","2311 Arcadis","EvacuationRoutes_high_SocialJoin.shp",".shp","vector","Z:\2023\2311 Arcadis\A_Fort Lauderdale\6_Analysis\Sensitivity Analysis\SocialIndexImport\EvacuationRoutes_high_SocialJoin.shp","30.4","2024-08-14","unknown","","","","no","",""
"2023","2311 Arcadis","EmergencyShelters_high_SocialJoin.shp",".shp","vector","Z:\2023\2311 Arcadis\A_Fort Lauderdale\6_Analysis\Sensitivity Analysis\SocialIndexImport\EmergencyShelters_high_SocialJoin.shp","0.2","2024-08-14","unknown","","","","no","",""
"2023","2311 Arcadis","StateParks_medium_SocialJoin.shp",".shp","vector","Z:\2023\2311 Arcadis\A_Fort Lauderdale\6_Analysis\Sensitivity Analysis\SocialIndexImport\StateParks_medium_SocialJoin.shp","2.6","2024-08-14","municipal","","","","no","",""
"2023","2311 Arcadis","CellTowers_medium_SocialJoin.shp",".shp","vector","Z:\2023\2311 Arcadis\A_Fort Lauderdale\6_Analysis\Sensitivity Analysis\SocialIndexImport\CellTowers_medium_SocialJoin.shp","0.2","2024-08-14","unknown","","","","no","",""
"2023","2311 Arcadis","Hospitals_Points1_high_SocialJoin.shp",".shp","vector","Z:\2023\2311 Arcadis\A_Fort Lauderdale\6_Analysis\Sensitivity Analysis\SocialIndexImport\Hospitals_Points1_high_SocialJoin.shp","0.3","2024-08-14","unknown","","","","no","",""
"2023","2311 Arcadis","State_Owned_Maintained_Roads_low_SocialJoin.shp",".shp","vector","Z:\2023\2311 Arcadis\A_Fort Lauderdale\6_Analysis\Sensitivity Analysis\SocialIndexImport\State_Owned_Maintained_Roads_low_SocialJoin.shp","233.4","2024-08-14","municipal","","","","no","",""
"2023","2311 Arcadis","CriticalCommunity_Education_medium_SocialJoin.shp",".shp","vector","Z:\2023\2311 Arcadis\A_Fort Lauderdale\6_Analysis\Sensitivity Analysis\SocialIndexImport\CriticalCommunity_Education_medium_SocialJoin.shp","0.9","2024-08-14","unknown","","","","no","",""
"2023","2311 Arcadis","FireStations_Points1_high_SocialJoin.shp",".shp","vector","Z:\2023\2311 Arcadis\A_Fort Lauderdale\6_Analysis\Sensitivity Analysis\SocialIndexImport\FireStations_Points1_high_SocialJoin.shp","0.4","2024-08-14","fire","","","","no","",""
"2023","2311 Arcadis","ElectricPowerTransmissionLines_low_SocialJoin.shp",".shp","vector","Z:\2023\2311 Arcadis\A_Fort Lauderdale\6_Analysis\Sensitivity Analysis\SocialIndexImport\ElectricPowerTransmissionLines_low_SocialJoin.shp","11.7","2024-08-14","unknown","","","","no","",""
"2023","2311 Arcadis","CriticalCommunity_Parks_medium_SocialJoin.shp",".shp","vector","Z:\2023\2311 Arcadis\A_Fort Lauderdale\6_Analysis\Sensitivity Analysis\SocialIndexImport\CriticalCommunity_Parks_medium_SocialJoin.shp","3.6","2024-08-14","unknown","","","","no","",""
"2023","2311 Arcadis","PetroleumTerminals_high_SocialJoin.shp",".shp","vector","Z:\2023\2311 Arcadis\A_Fort Lauderdale\6_Analysis\Sensitivity Analysis\SocialIndexImport\PetroleumTerminals_high_SocialJoin.shp","0.3","2024-08-14","unknown","","","","no","",""
"2023","2311 Arcadis","Marinas_Points_medium_SocialJoin.shp",".shp","vector","Z:\2023\2311 Arcadis\A_Fort Lauderdale\6_Analysis\Sensitivity Analysis\SocialIndexImport\Marinas_Points_medium_SocialJoin.shp","4.2","2024-08-14","unknown","","","","no","",""
"2023","2311 Arcadis","MicrowaveServiceTowers_medium_SocialJoin.shp",".shp","vector","Z:\2023\2311 Arcadis\A_Fort Lauderdale\6_Analysis\Sensitivity Analysis\SocialIndexImport\MicrowaveServiceTowers_medium_SocialJoin.shp","3.6","2024-08-14","unknown","","","","no","",""
"2023","2311 Arcadis","Marina_Polygons_medium_SocialJoin.shp",".shp","vector","Z:\2023\2311 Arcadis\A_Fort Lauderdale\6_Analysis\Sensitivity Analysis\SocialIndexImport\Marina_Polygons_medium_SocialJoin.shp","61","2024-08-14","unknown","","","","no","",""
"2023","2311 Arcadis","Substations_high_SocialJoin.shp",".shp","vector","Z:\2023\2311 Arcadis\A_Fort Lauderdale\6_Analysis\Sensitivity Analysis\SocialIndexImport\Substations_high_SocialJoin.shp","0.4","2024-08-14","unknown","","","","no","",""
"2023","2311 Arcadis","LocalLawEnforcement_high_SocialJoin.shp",".shp","vector","Z:\2023\2311 Arcadis\A_Fort Lauderdale\6_Analysis\Sensitivity Analysis\SocialIndexImport\LocalLawEnforcement_high_SocialJoin.shp","0.2","2024-08-14","unknown","","","","no","",""
"2023","2311 Arcadis","HotSpotAreas_Revised_SocialJoin.shp",".shp","vector","Z:\2023\2311 Arcadis\A_Fort Lauderdale\6_Analysis\Sensitivity Analysis\SocialIndexImport\HotSpotAreas_Revised_SocialJoin.shp","27","2024-08-14","unknown","","","","no","",""
"2023","2311 Arcadis","SewerPumpStations_high_SocialJoin.shp",".shp","vector","Z:\2023\2311 Arcadis\A_Fort Lauderdale\6_Analysis\Sensitivity Analysis\SocialIndexImport\SewerPumpStations_high_SocialJoin.shp","6.7","2024-08-14","unknown","","","","no","",""
"2023","2311 Arcadis","EmergencyOperationCenters_high_SocialJoin.shp",".shp","vector","Z:\2023\2311 Arcadis\A_Fort Lauderdale\6_Analysis\Sensitivity Analysis\SocialIndexImport\EmergencyOperationCenters_high_SocialJoin.shp","75.4","2024-08-14","unknown","","","","no","",""
"2023","2311 Arcadis","StormwaterPumpStation_high_SocialJoin.shp",".shp","vector","Z:\2023\2311 Arcadis\A_Fort Lauderdale\6_Analysis\Sensitivity Analysis\SocialIndexImport\StormwaterPumpStation_high_SocialJoin.shp","0.3","2024-08-14","surge","","","","no","",""
"2023","2311 Arcadis","RailroadStations_high_SocialJoin.shp",".shp","vector","Z:\2023\2311 Arcadis\A_Fort Lauderdale\6_Analysis\Sensitivity Analysis\SocialIndexImport\RailroadStations_high_SocialJoin.shp","13.3","2024-08-14","unknown","","","","no","",""
"2023","2311 Arcadis","CriticalCommunity_EmergencyManagement_high_SocialJoin.shp",".shp","vector","Z:\2023\2311 Arcadis\A_Fort Lauderdale\6_Analysis\Sensitivity Analysis\SocialIndexImport\CriticalCommunity_EmergencyManagement_high_SocialJoin.shp","0.8","2024-08-14","unknown","","","","no","",""
"2023","2311 Arcadis","County_Owned_Maintained_Roads_medium_SocialJoin.shp",".shp","vector","Z:\2023\2311 Arcadis\A_Fort Lauderdale\6_Analysis\Sensitivity Analysis\SocialIndexImport\County_Owned_Maintained_Roads_medium_SocialJoin.shp","55.9","2024-08-14","municipal","","","","no","",""
"2023","2311 Arcadis","CountyParks_medium_SocialJoin.shp",".shp","vector","Z:\2023\2311 Arcadis\A_Fort Lauderdale\6_Analysis\Sensitivity Analysis\SocialIndexImport\CountyParks_medium_SocialJoin.shp","6.4","2024-08-14","municipal","","","","no","",""
"2023","2311 Arcadis","RailroadBridges_high_SocialJoin.shp",".shp","vector","Z:\2023\2311 Arcadis\A_Fort Lauderdale\6_Analysis\Sensitivity Analysis\SocialIndexImport\RailroadBridges_high_SocialJoin.shp","0.3","2024-08-14","unknown","","","","no","",""
"2023","2311 Arcadis","BoatRamps_low_SocialJoin.shp",".shp","vector","Z:\2023\2311 Arcadis\A_Fort Lauderdale\6_Analysis\Sensitivity Analysis\SocialIndexImport\BoatRamps_low_SocialJoin.shp","0.4","2024-08-14","unknown","","","","no","",""
"2023","2311 Arcadis","FireStations_Polygon_high_SocialJoin.shp",".shp","vector","Z:\2023\2311 Arcadis\A_Fort Lauderdale\6_Analysis\Sensitivity Analysis\SocialIndexImport\FireStations_Polygon_high_SocialJoin.shp","84.2","2024-08-14","fire","","","","no","",""
"2023","2311 Arcadis","CommercialTransmissionTowers_medium_SocialJoin.shp",".shp","vector","Z:\2023\2311 Arcadis\A_Fort Lauderdale\6_Analysis\Sensitivity Analysis\SocialIndexImport\CommercialTransmissionTowers_medium_SocialJoin.shp","0.5","2024-08-14","unknown","","","","no","",""
"2023","2311 Arcadis","Hospitals_Points_high_SocialJoin.shp",".shp","vector","Z:\2023\2311 Arcadis\A_Fort Lauderdale\6_Analysis\Sensitivity Analysis\SocialIndexImport\Hospitals_Points_high_SocialJoin.shp","0.2","2024-08-14","unknown","","","","no","",""
"2023","2311 Arcadis","CriticalCommunity_Libraries_medium_SocialJoin.shp",".shp","vector","Z:\2023\2311 Arcadis\A_Fort Lauderdale\6_Analysis\Sensitivity Analysis\SocialIndexImport\CriticalCommunity_Libraries_medium_SocialJoin.shp","0.3","2024-08-14","unknown","","","","no","",""
"2023","2311 Arcadis","HazardWaste_low_SocialJoin.shp",".shp","vector","Z:\2023\2311 Arcadis\A_Fort Lauderdale\6_Analysis\Sensitivity Analysis\SocialIndexImport\HazardWaste_low_SocialJoin.shp","9.3","2024-08-14","unknown","","","","no","",""
"2023","2311 Arcadis","Hospitals_Polygon_high_SocialJoin.shp",".shp","vector","Z:\2023\2311 Arcadis\A_Fort Lauderdale\6_Analysis\Sensitivity Analysis\SocialIndexImport\Hospitals_Polygon_high_SocialJoin.shp","10.8","2024-08-14","unknown","","","","no","",""
"2023","2311 Arcadis","Bridges_low_SocialJoin.shp",".shp","vector","Z:\2023\2311 Arcadis\A_Fort Lauderdale\6_Analysis\Sensitivity Analysis\SocialIndexImport\Bridges_low_SocialJoin.shp","0.6","2024-08-14","unknown","","","","no","",""
"2023","2311 Arcadis","AviationFacilities_high_SocialJoin.shp",".shp","vector","Z:\2023\2311 Arcadis\A_Fort Lauderdale\6_Analysis\Sensitivity Analysis\SocialIndexImport\AviationFacilities_high_SocialJoin.shp","0.2","2024-08-14","unknown","","","","no","",""
"2023","2311 Arcadis","Airports_high_SocialJoin.shp",".shp","vector","Z:\2023\2311 Arcadis\A_Fort Lauderdale\6_Analysis\Sensitivity Analysis\SocialIndexImport\Airports_high_SocialJoin.shp","71.9","2024-08-14","unknown","","","","no","",""
"2023","2311 Arcadis","HurricaneDebrisStagingSite_medium_SocialJoin.shp",".shp","vector","Z:\2023\2311 Arcadis\A_Fort Lauderdale\6_Analysis\Sensitivity Analysis\SocialIndexImport\HurricaneDebrisStagingSite_medium_SocialJoin.shp","100.3","2024-08-14","surge","","","","no","",""
"2023","2311 Arcadis","MilitaryInstallations_high_SocialJoin.shp",".shp","vector","Z:\2023\2311 Arcadis\A_Fort Lauderdale\6_Analysis\Sensitivity Analysis\SocialIndexImport\MilitaryInstallations_high_SocialJoin.shp","0.4","2024-08-14","unknown","","","","no","",""
"2023","2311 Arcadis","City_Owned_Maintained_Roads_high_SocialJoin.shp",".shp","vector","Z:\2023\2311 Arcadis\A_Fort Lauderdale\6_Analysis\Sensitivity Analysis\SocialIndexImport\City_Owned_Maintained_Roads_high_SocialJoin.shp","33.1","2024-08-14","municipal","","","","no","",""
"2023","2311 Arcadis","CriticalCommunity_HighPriorityFacilities_high_SocialJoin.shp",".shp","vector","Z:\2023\2311 Arcadis\A_Fort Lauderdale\6_Analysis\Sensitivity Analysis\SocialIndexImport\CriticalCommunity_HighPriorityFacilities_high_SocialJoin.shp","1.3","2024-08-14","unknown","","","","no","",""
"2023","2311 Arcadis","LawEnforcement_high_SocialJoin.shp",".shp","vector","Z:\2023\2311 Arcadis\A_Fort Lauderdale\6_Analysis\Sensitivity Analysis\SocialIndexImport\LawEnforcement_high_SocialJoin.shp","72.9","2024-08-14","unknown","","","","no","",""
"2023","2311 Arcadis","EmergencyPointsofDistribution_medium_SocialJoin.shp",".shp","vector","Z:\2023\2311 Arcadis\A_Fort Lauderdale\6_Analysis\Sensitivity Analysis\SocialIndexImport\EmergencyPointsofDistribution_medium_SocialJoin.shp","12.3","2024-08-14","unknown","","","","no","",""
"2023","2311 Arcadis","StateCorrectionalFacilities_high_SocialJoin.shp",".shp","vector","Z:\2023\2311 Arcadis\A_Fort Lauderdale\6_Analysis\Sensitivity Analysis\SocialIndexImport\StateCorrectionalFacilities_high_SocialJoin.shp","0.4","2024-08-14","municipal","","","","no","",""
"2023","2311 Arcadis","Shelters_medium_SocialJoin.shp",".shp","vector","Z:\2023\2311 Arcadis\A_Fort Lauderdale\6_Analysis\Sensitivity Analysis\SocialIndexImport\Shelters_medium_SocialJoin.shp","4.4","2024-08-14","unknown","","","","no","",""
"2023","2311 Arcadis","Airports_high_SocialJoin.shp",".shp","vector","Z:\2023\2311 Arcadis\A_Fort Lauderdale\6_Analysis\Sensitivity Analysis\SocialIndexImport_Revised\Airports_high_SocialJoin.shp","71.9","2024-08-14","unknown","","","","no","",""
"2023","2311 Arcadis","cemeteries_high_SocialJoin.shp",".shp","vector","Z:\2023\2311 Arcadis\A_Fort Lauderdale\6_Analysis\Sensitivity Analysis\SocialIndexImport_Revised\cemeteries_high_SocialJoin.shp","0.6","2024-08-14","unknown","","","","no","",""
"2023","2311 Arcadis","City_Owned_Maintained_Roads_high_SocialJoin.shp",".shp","vector","Z:\2023\2311 Arcadis\A_Fort Lauderdale\6_Analysis\Sensitivity Analysis\SocialIndexImport_Revised\City_Owned_Maintained_Roads_high_SocialJoin.shp","33.1","2024-08-14","municipal","","","","no","",""
"2023","2311 Arcadis","CountyCorrectionalFacilities_high_SocialJoin.shp",".shp","vector","Z:\2023\2311 Arcadis\A_Fort Lauderdale\6_Analysis\Sensitivity Analysis\SocialIndexImport_Revised\CountyCorrectionalFacilities_high_SocialJoin.shp","0.6","2024-08-14","municipal","","","","no","",""
"2023","2311 Arcadis","CountyParks_medium_SocialJoin.shp",".shp","vector","Z:\2023\2311 Arcadis\A_Fort Lauderdale\6_Analysis\Sensitivity Analysis\SocialIndexImport_Revised\CountyParks_medium_SocialJoin.shp","6.4","2024-08-14","municipal","","","","no","",""
"2023","2311 Arcadis","County_Owned_Maintained_Roads_medium_SocialJoin.shp",".shp","vector","Z:\2023\2311 Arcadis\A_Fort Lauderdale\6_Analysis\Sensitivity Analysis\SocialIndexImport_Revised\County_Owned_Maintained_Roads_medium_SocialJoin.shp","55.9","2024-08-14","municipal","","","","no","",""
"2023","2311 Arcadis","EmergencyOperationCenters_high_SocialJoin.shp",".shp","vector","Z:\2023\2311 Arcadis\A_Fort Lauderdale\6_Analysis\Sensitivity Analysis\SocialIndexImport_Revised\EmergencyOperationCenters_high_SocialJoin.shp","75.4","2024-08-14","unknown","","","","no","",""
"2023","2311 Arcadis","EmergencyPointsofDistribution_medium_SocialJoin.shp",".shp","vector","Z:\2023\2311 Arcadis\A_Fort Lauderdale\6_Analysis\Sensitivity Analysis\SocialIndexImport_Revised\EmergencyPointsofDistribution_medium_SocialJoin.shp","12.3","2024-08-14","unknown","","","","no","",""
"2023","2311 Arcadis","EvacuationRoutes_high_SocialJoin.shp",".shp","vector","Z:\2023\2311 Arcadis\A_Fort Lauderdale\6_Analysis\Sensitivity Analysis\SocialIndexImport_Revised\EvacuationRoutes_high_SocialJoin.shp","30.4","2024-08-14","unknown","","","","no","",""
"2023","2311 Arcadis","FireStations_Polygon_high_SocialJoin.shp",".shp","vector","Z:\2023\2311 Arcadis\A_Fort Lauderdale\6_Analysis\Sensitivity Analysis\SocialIndexImport_Revised\FireStations_Polygon_high_SocialJoin.shp","84.2","2024-08-14","fire","","","","no","",""
"2023","2311 Arcadis","Hospitals_Polygon_high_SocialJoin.shp",".shp","vector","Z:\2023\2311 Arcadis\A_Fort Lauderdale\6_Analysis\Sensitivity Analysis\SocialIndexImport_Revised\Hospitals_Polygon_high_SocialJoin.shp","10.8","2024-08-14","unknown","","","","no","",""
"2023","2311 Arcadis","HurricaneDebrisStagingSite_medium_SocialJoin.shp",".shp","vector","Z:\2023\2311 Arcadis\A_Fort Lauderdale\6_Analysis\Sensitivity Analysis\SocialIndexImport_Revised\HurricaneDebrisStagingSite_medium_SocialJoin.shp","100.3","2024-08-14","surge","","","","no","",""
"2023","2311 Arcadis","LawEnforcement_high_SocialJoin.shp",".shp","vector","Z:\2023\2311 Arcadis\A_Fort Lauderdale\6_Analysis\Sensitivity Analysis\SocialIndexImport_Revised\LawEnforcement_high_SocialJoin.shp","72.9","2024-08-14","unknown","","","","no","",""
"2023","2311 Arcadis","Marina_Polygons_medium_SocialJoin.shp",".shp","vector","Z:\2023\2311 Arcadis\A_Fort Lauderdale\6_Analysis\Sensitivity Analysis\SocialIndexImport_Revised\Marina_Polygons_medium_SocialJoin.shp","61","2024-08-14","unknown","","","","no","",""
"2023","2311 Arcadis","MilitaryInstallations_high_SocialJoin.shp",".shp","vector","Z:\2023\2311 Arcadis\A_Fort Lauderdale\6_Analysis\Sensitivity Analysis\SocialIndexImport_Revised\MilitaryInstallations_high_SocialJoin.shp","0.4","2024-08-14","unknown","","","","no","",""
"2023","2311 Arcadis","MunicipalParks_medium_SocialJoin.shp",".shp","vector","Z:\2023\2311 Arcadis\A_Fort Lauderdale\6_Analysis\Sensitivity Analysis\SocialIndexImport_Revised\MunicipalParks_medium_SocialJoin.shp","57.6","2024-08-14","municipal","","","","no","",""
"2023","2311 Arcadis","PowerStations_medium_SocialJoin.shp",".shp","vector","Z:\2023\2311 Arcadis\A_Fort Lauderdale\6_Analysis\Sensitivity Analysis\SocialIndexImport_Revised\PowerStations_medium_SocialJoin.shp","7.8","2024-08-14","unknown","","","","no","",""
"2023","2311 Arcadis","RailroadStations_high_SocialJoin.shp",".shp","vector","Z:\2023\2311 Arcadis\A_Fort Lauderdale\6_Analysis\Sensitivity Analysis\SocialIndexImport_Revised\RailroadStations_high_SocialJoin.shp","13.3","2024-08-14","unknown","","","","no","",""
"2023","2311 Arcadis","Railroads_high_SocialJoin.shp",".shp","vector","Z:\2023\2311 Arcadis\A_Fort Lauderdale\6_Analysis\Sensitivity Analysis\SocialIndexImport_Revised\Railroads_high_SocialJoin.shp","7.1","2024-08-14","unknown","","","","no","",""
"2023","2311 Arcadis","Shelters_medium_SocialJoin.shp",".shp","vector","Z:\2023\2311 Arcadis\A_Fort Lauderdale\6_Analysis\Sensitivity Analysis\SocialIndexImport_Revised\Shelters_medium_SocialJoin.shp","4.4","2024-08-14","unknown","","","","no","",""
"2023","2311 Arcadis","StateCorrectionalFacilities_high_SocialJoin.shp",".shp","vector","Z:\2023\2311 Arcadis\A_Fort Lauderdale\6_Analysis\Sensitivity Analysis\SocialIndexImport_Revised\StateCorrectionalFacilities_high_SocialJoin.shp","0.4","2024-08-14","municipal","","","","no","",""
"2023","2311 Arcadis","StateParks_medium_SocialJoin.shp",".shp","vector","Z:\2023\2311 Arcadis\A_Fort Lauderdale\6_Analysis\Sensitivity Analysis\SocialIndexImport_Revised\StateParks_medium_SocialJoin.shp","2.6","2024-08-14","municipal","","","","no","",""
"2023","2311 Arcadis","analysis_statistics.json",".json","vector","Z:\2023\2311 Arcadis\A_Fort Lauderdale\Roadway_Final\analysis_statistics.json","0.1","2025-01-19","unknown","","","","no","",""
"2023","2311 Arcadis","geodatabase_analysis_report.json",".json","vector","Z:\2023\2311 Arcadis\A_Fort Lauderdale\Roadway_Final\geodatabase_analysis_report.json","345.5","2025-01-19","unknown","","","","no","",""
"2023","2312 CFernandez","baker_2023pin.shp",".shp","vector","Z:\2023\2312 CFernandez\Geotargeting_mitbanks\baker_2023pin\baker_2023pin.shp","3580.7","2023-04-06","unknown","","","","no","",""
"2023","2312 CFernandez","Conservation_Easements.shp",".shp","vector","Z:\2023\2312 CFernandez\Geotargeting_mitbanks\Clay County Conservation_Easement\Conservation_Easements.shp","1265.4","2021-02-01","unknown","","","","no","",""
"2023","2312 CFernandez","Parcel.shp",".shp","vector","Z:\2023\2312 CFernandez\Geotargeting_mitbanks\Clay County Parcel\Parcel.shp","57077.7","2023-07-03","duediligence","","","","no","",""
"2023","2312 CFernandez","clay_2023pin.shp",".shp","vector","Z:\2023\2312 CFernandez\Geotargeting_mitbanks\clay_2023pin\clay_2023pin.shp","56521.2","2023-04-07","unknown","","","","no","",""
"2023","2312 CFernandez","duval_2023pin.shp",".shp","vector","Z:\2023\2312 CFernandez\Geotargeting_mitbanks\duval_2023pin\duval_2023pin.shp","199904.4","2023-04-13","unknown","","","","no","",""
"2023","2312 CFernandez","Mitigation_Bank_Watersheds.shp",".shp","vector","Z:\2023\2312 CFernandez\Geotargeting_mitbanks\Mitigation_Bank_Watersheds\Mitigation_Bank_Watersheds.shp","14715.6","2023-08-14","mitigation","","","","no","",""
"2023","2312 CFernandez","nassau_2023pin.shp",".shp","vector","Z:\2023\2312 CFernandez\Geotargeting_mitbanks\nassau_2023pin\nassau_2023pin.shp","62768.4","2023-04-25","unknown","","","","no","",""
"2023","2312 CFernandez","putnam_2023pin.shp",".shp","vector","Z:\2023\2312 CFernandez\Geotargeting_mitbanks\putnam_2023pin\putnam_2023pin.shp","34586.5","2023-04-28","unknown","","","","no","",""
"2023","2312 CFernandez","stjohns_2023pin.shp",".shp","vector","Z:\2023\2312 CFernandez\Geotargeting_mitbanks\stjohns_2023pin\stjohns_2023pin.shp","95058.1","2023-04-28","unknown","","","","no","",""
"2023","2314 DHague","Property Boundary.shp",".shp","vector","Z:\2023\2314 DHague\Data\Shapefile\Property Boundary.shp","0.8","2023-08-04","unknown","","","","no","",""
"2023","2314 DHague","soilmu_a_fl127.shp",".shp","vector","Z:\2023\2314 DHague\Data\Soils\wss_SSA_FL127_soildb_FL_2003_[2022-09-02]\FL127\spatial\soilmu_a_fl127.shp","31588.2","2022-09-23","unknown","","","","no","",""
"2023","2314 DHague","soilmu_l_fl127.shp",".shp","vector","Z:\2023\2314 DHague\Data\Soils\wss_SSA_FL127_soildb_FL_2003_[2022-09-02]\FL127\spatial\soilmu_l_fl127.shp","0.1","2022-09-23","unknown","","","","no","",""
"2023","2314 DHague","soilmu_p_fl127.shp",".shp","vector","Z:\2023\2314 DHague\Data\Soils\wss_SSA_FL127_soildb_FL_2003_[2022-09-02]\FL127\spatial\soilmu_p_fl127.shp","0.1","2022-09-23","unknown","","","","no","",""
"2023","2314 DHague","soilsa_a_fl127.shp",".shp","vector","Z:\2023\2314 DHague\Data\Soils\wss_SSA_FL127_soildb_FL_2003_[2022-09-02]\FL127\spatial\soilsa_a_fl127.shp","48","2022-09-23","unknown","","","","no","",""
"2023","2314 DHague","soilsf_l_fl127.shp",".shp","vector","Z:\2023\2314 DHague\Data\Soils\wss_SSA_FL127_soildb_FL_2003_[2022-09-02]\FL127\spatial\soilsf_l_fl127.shp","0.1","2022-09-23","unknown","","","","no","",""
"2023","2314 DHague","soilsf_p_fl127.shp",".shp","vector","Z:\2023\2314 DHague\Data\Soils\wss_SSA_FL127_soildb_FL_2003_[2022-09-02]\FL127\spatial\soilsf_p_fl127.shp","218.5","2022-09-23","unknown","","","","no","",""
"2023","2316 VFlaherty","ECO_Volusia.shp",".shp","vector","Z:\2023\2316 VFlaherty\2025 0701 ECOs Layer\ECO_Volusia\ECO_Volusia.shp","3906.8","2025-07-01","unknown","","","","no","",""
"2023","2316 VFlaherty","Impact_Area.kmz",".kmz","vector","Z:\2023\2316 VFlaherty\Data\KMZ\Impact_Area.kmz","5.2","2023-09-06","unknown","","","","no","",""
"2023","2316 VFlaherty","Property_Boundary.kmz",".kmz","vector","Z:\2023\2316 VFlaherty\Data\KMZ\Property_Boundary.kmz","3.4","2023-09-06","unknown","","","","no","",""
"2023","2316 VFlaherty","All Layers.kmz",".kmz","vector","Z:\2023\2316 VFlaherty\KMZ\All Layers.kmz","13220.9","2023-09-01","unknown","","","","no","",""
"2023","2316 VFlaherty","Fill Piles.kml",".kml","vector","Z:\2023\2316 VFlaherty\KMZ\Fill Piles.kml","2.3","2025-02-21","unknown","","","","no","",""
"2023","2316 VFlaherty","2316_FlahertyTurner_result_correlations_internals.csv",".csv","vector","Z:\2023\2316 VFlaherty\Pix4d\2316_FlahertyTurner\1_initial\params\2316_FlahertyTurner_result_correlations_internals.csv","0.7","2023-08-21","unknown","","","","no","",""
"2023","2316 VFlaherty","2316_FlahertyTurner_result_correlations_internals_externals.csv",".csv","vector","Z:\2023\2316 VFlaherty\Pix4d\2316_FlahertyTurner\1_initial\params\2316_FlahertyTurner_result_correlations_internals_externals.csv","468.1","2023-08-21","unknown","","","","no","",""
"2023","2316 VFlaherty","2316_FlahertyTurner_result_point_uncertainties.csv",".csv","vector","Z:\2023\2316 VFlaherty\Pix4d\2316_FlahertyTurner\1_initial\params\2316_FlahertyTurner_result_point_uncertainties.csv","737.2","2023-08-21","unknown","","","","no","",""
"2023","2316 VFlaherty","2316_FlahertyTurner_sun_angles.csv",".csv","vector","Z:\2023\2316 VFlaherty\Pix4d\2316_FlahertyTurner\1_initial\params\2316_FlahertyTurner_sun_angles.csv","29.7","2023-08-21","unknown","","","","no","",""
"2023","2316 VFlaherty","dsm_preview.kml",".kml","vector","Z:\2023\2316 VFlaherty\Pix4d\2316_FlahertyTurner\1_initial\report\html\dsm_preview.kml","0.6","2023-08-21","unknown","","","","no","",""
"2023","2316 VFlaherty","matches_graph_XY.kml",".kml","vector","Z:\2023\2316 VFlaherty\Pix4d\2316_FlahertyTurner\1_initial\report\html\matches_graph_XY.kml","0.6","2023-08-21","unknown","","","","no","",""
"2023","2316 VFlaherty","orthomosaic_overlap.kml",".kml","vector","Z:\2023\2316 VFlaherty\Pix4d\2316_FlahertyTurner\1_initial\report\html\orthomosaic_overlap.kml","0.6","2023-08-21","dem_ortho","","","","no","",""
"2023","2316 VFlaherty","orthomosaic_preview.kml",".kml","vector","Z:\2023\2316 VFlaherty\Pix4d\2316_FlahertyTurner\1_initial\report\html\orthomosaic_preview.kml","0.6","2023-08-21","dem_ortho","","","","no","",""
"2023","2316 VFlaherty","2316_FlahertyTurner_elev1.0US survey foot_res100cm_size20_DTM.shp",".shp","vector","Z:\2023\2316 VFlaherty\Pix4d\2316_FlahertyTurner\3_dsm_ortho\extras\contours\2316_FlahertyTurner_elev1.0US survey foot_res100cm_size20_DTM.shp","896.3","2023-09-07","gpssurvey","","","","no","",""
"2023","2316 VFlaherty","Land_Cover.shp",".shp","vector","Z:\2023\2316 VFlaherty\Wetland Aprx\1869 Linville Road\Land_Cover.shp","3.2","2023-09-01","unknown","","","","no","",""
"2023","2320 ARuppel","Parcels.shp",".shp","vector","Z:\2023\2320 ARuppel\Data\Parcels\Parcels.shp","39577.8","2023-09-03","duediligence","","","","no","",""
"2023","2322 GMorello","All Layers.kmz",".kmz","vector","Z:\2023\2322 GMorello\Avenza Maps\All Layers.kmz","16532.9","2023-09-26","unknown","","","","no","",""
"2023","2324 CBlack","Property Boundary.shp",".shp","vector","Z:\2023\2324 CBlack\Shapefile\Property Boundary.shp","0.5","2023-09-21","unknown","","","","no","",""
"2023","2325 Treasure Coast RPC","pbc_lakepoints.shp",".shp","vector","Z:\2023\2325 Treasure Coast RPC\pbc_lakepoints.shp","214.8","2023-09-13","unknown","","","","no","",""
"2023","2325 Treasure Coast RPC","pbc_nhdburnlines.shp",".shp","vector","Z:\2023\2325 Treasure Coast RPC\pbc_nhdburnlines.shp","289.5","2023-09-13","unknown","","","","no","",""
"2023","2325 Treasure Coast RPC","SE_lakepoints.shp",".shp","vector","Z:\2023\2325 Treasure Coast RPC\SE_lakepoints.shp","1462.7","2023-09-13","unknown","","","","no","",""
"2023","2329 WGuzman","ProposedWetlandBoundary.shp",".shp","vector","Z:\2023\2329 WGuzman\A Quail Nest Barndominium\Aprx\ProposedWetlandBoundary.shp","1","2024-04-11","wetland","","","","no","",""
"2023","2329 WGuzman","25yr Storm Present DayContour Band Polygons.shp",".shp","vector","Z:\2023\2329 WGuzman\A Quail Nest Barndominium\Aprx\25yr Storm Present Day\25yr Storm Present DayContour Band Polygons.shp","254.2","2024-04-11","surge","","","","no","",""
"2023","2329 WGuzman","Inflow25yrwithbuilding.shp",".shp","vector","Z:\2023\2329 WGuzman\A Quail Nest Barndominium\Aprx\CG2329 Wetland Delineation\Inflow25yrwithbuilding.shp","1.5","2024-12-23","unknown","","","","no","",""
"2023","2329 WGuzman","Outflow25yrwithbuilding.shp",".shp","vector","Z:\2023\2329 WGuzman\A Quail Nest Barndominium\Aprx\CG2329 Wetland Delineation\Outflow25yrwithbuilding.shp","1.4","2024-12-23","unknown","","","","no","",""
"2023","2329 WGuzman","CadPolygons.shp",".shp","vector","Z:\2023\2329 WGuzman\A Quail Nest Barndominium\Aprx\DEMS\CadPolygons.shp","42","2024-12-18","unknown","","","","no","",""
"2023","2329 WGuzman","Inflow 25yr with building.shp",".shp","vector","Z:\2023\2329 WGuzman\A Quail Nest Barndominium\Aprx\Features\Inflow 25yr with building.shp","1.5","2024-12-23","unknown","","","","no","",""
"2023","2329 WGuzman","Outflow 25yr with building.shp",".shp","vector","Z:\2023\2329 WGuzman\A Quail Nest Barndominium\Aprx\Features\Outflow 25yr with building.shp","1.4","2024-12-23","unknown","","","","no","",""
"2023","2329 WGuzman","Polygon Layer.shp",".shp","vector","Z:\2023\2329 WGuzman\A Quail Nest Barndominium\Aprx\Features\Polygon Layer.shp","0.2","2024-12-26","unknown","","","","no","",""
"2023","2329 WGuzman","MLRA_52.shp",".shp","vector","Z:\2023\2329 WGuzman\A Quail Nest Barndominium\Aprx\Land Classification\MLRA_52_2022\MLRA_52_2022\MLRA_52.shp","7420.1","2021-10-14","unknown","","","","no","",""
"2023","2329 WGuzman","Parcels.shp",".shp","vector","Z:\2023\2329 WGuzman\A Quail Nest Barndominium\Aprx\Parcels\Parcels.shp","86278.8","2024-04-04","duediligence","","","","no","",""
"2023","2329 WGuzman","soilmu_a_fl127.shp",".shp","vector","Z:\2023\2329 WGuzman\A Quail Nest Barndominium\Aprx\Soils\wss_SSA_FL127_soildb_FL_2003_[2023-09-06]\FL127\spatial\soilmu_a_fl127.shp","31588.2","2023-09-18","unknown","","","","no","",""
"2023","2329 WGuzman","soilmu_l_fl127.shp",".shp","vector","Z:\2023\2329 WGuzman\A Quail Nest Barndominium\Aprx\Soils\wss_SSA_FL127_soildb_FL_2003_[2023-09-06]\FL127\spatial\soilmu_l_fl127.shp","0.1","2023-09-18","unknown","","","","no","",""
"2023","2329 WGuzman","soilmu_p_fl127.shp",".shp","vector","Z:\2023\2329 WGuzman\A Quail Nest Barndominium\Aprx\Soils\wss_SSA_FL127_soildb_FL_2003_[2023-09-06]\FL127\spatial\soilmu_p_fl127.shp","0.1","2023-09-18","unknown","","","","no","",""
"2023","2329 WGuzman","soilsa_a_fl127.shp",".shp","vector","Z:\2023\2329 WGuzman\A Quail Nest Barndominium\Aprx\Soils\wss_SSA_FL127_soildb_FL_2003_[2023-09-06]\FL127\spatial\soilsa_a_fl127.shp","48","2023-09-18","unknown","","","","no","",""
"2023","2329 WGuzman","soilsf_l_fl127.shp",".shp","vector","Z:\2023\2329 WGuzman\A Quail Nest Barndominium\Aprx\Soils\wss_SSA_FL127_soildb_FL_2003_[2023-09-06]\FL127\spatial\soilsf_l_fl127.shp","0.1","2023-09-18","unknown","","","","no","",""
"2023","2329 WGuzman","soilsf_p_fl127.shp",".shp","vector","Z:\2023\2329 WGuzman\A Quail Nest Barndominium\Aprx\Soils\wss_SSA_FL127_soildb_FL_2003_[2023-09-06]\FL127\spatial\soilsf_p_fl127.shp","218.5","2023-09-18","unknown","","","","no","",""
"2023","2329 WGuzman","HSGSoils.shp",".shp","vector","Z:\2023\2329 WGuzman\A Quail Nest Barndominium\Aprx\WilfredoSoils\HSGSoils.shp","2.2","2024-04-11","unknown","","","","no","",""
"2023","2329 WGuzman","Soils.shp",".shp","vector","Z:\2023\2329 WGuzman\A Quail Nest Barndominium\Aprx\WilfredoSoils\Soils.shp","276.9","2024-04-11","unknown","","","","no","",""
"2023","2329 WGuzman","Property Boundary.kmz",".kmz","vector","Z:\2023\2329 WGuzman\A Quail Nest Barndominium\Maps for Avenza\Property Boundary.kmz","3","2024-04-16","unknown","","","","no","",""
"2023","2329 WGuzman","Soil Probes.kmz",".kmz","vector","Z:\2023\2329 WGuzman\A Quail Nest Barndominium\Maps for Avenza\Soil Probes.kmz","9425.8","2024-04-16","unknown","","","","no","",""
"2023","2329 WGuzman","Property Boundary KML.kmz",".kmz","vector","Z:\2023\2329 WGuzman\A Quail Nest Barndominium\Property Boundary KML\Property Boundary KML.kmz","3","2024-12-10","unknown","","","","no","",""
"2023","2329 WGuzman","Property Boundary.shp",".shp","vector","Z:\2023\2329 WGuzman\A Quail Nest Barndominium\Property Boundary Shapefile\Property Boundary.shp","0.4","2024-12-17","unknown","","","","no","",""
"2023","2331 MWest","Parcels.shp",".shp","vector","Z:\2023\2331 MWest\GIS Data\Parcels (1)\Parcels.shp","39580.8","2023-10-19","duediligence","","","","no","",""
